,variant_id,variant_rsId,variant_chromosome,variant_position,variant_nearestCodingGeneDistance,pval,direction,bestLocus2Genes_gene_id,bestLocus2Genes_gene_symbol,bestLocus2Genes_score,studyId,traitReported,traitEfos,pmid,hasSumstats
0,2_217818431_A_G,rs2571445,2,217818431.0,215551.0,2e-10,+,ENSG00000079308,TNS1,0.74819016456604,GCST004183,Lung function (FEV1),EFO_0004314,PMID:28166213,False
1,4_105143469_T_TA,rs34480284,4,105143469.0,2406.0,9.000000000000001e-09,-,ENSG00000168769,TET2,0.909231424331665,GCST004183,Lung function (FEV1),EFO_0004314,PMID:28166213,False
2,4_105143469_TA_T,rs34480284,4,105143469.0,2406.0,9.000000000000001e-09,+,ENSG00000168769,TET2,0.6504754424095154,GCST004183,Lung function (FEV1),EFO_0004314,PMID:28166213,False
3,4_105767747_A_G,rs10516526,4,105767747.0,58969.0,4e-08,+,,,,GCST004183,Lung function (FEV1),EFO_0004314,PMID:28166213,False
4,4_105897896_G_A,rs34712979,4,105897896.0,1910.0,2e-21,-,ENSG00000168743,NPNT,0.7891411185264587,GCST004183,Lung function (FEV1),EFO_0004314,PMID:28166213,False
5,4_144524627_A_T,rs138641402,4,144524627.0,121529.0,2e-11,,,,,GCST004183,Lung function (FEV1),EFO_0004314,PMID:28166213,False
6,5_148476829_A_G,rs7715901,5,148476829.0,92894.0,2e-11,+,,,,GCST004183,Lung function (FEV1),EFO_0004314,PMID:28166213,False
7,5_149217130_TG_T,rs3839234,5,149217130.0,54729.0,4e-11,,ENSG00000173210,ABLIM3,0.6342547535896301,GCST004183,Lung function (FEV1),EFO_0004314,PMID:28166213,False
8,6_27492144_G_A,rs34864796,6,27492144.0,19026.0,6e-14,-,,,,GCST004183,Lung function (FEV1),EFO_0004314,PMID:28166213,False
9,6_142424746_T_G,rs7753012,6,142424746.0,122892.0,2e-10,+,ENSG00000112414,ADGRG6,0.8664431571960449,GCST004183,Lung function (FEV1),EFO_0004314,PMID:28166213,False
10,7_156334552_G_A,rs12698403,7,156334552.0,305729.0,1e-13,-,,,,GCST004183,Lung function (FEV1),EFO_0004314,PMID:28166213,False
11,9_4124377_C_T,rs7872188,9,4124377.0,224015.0,2e-10,-,ENSG00000107249,GLIS3,0.7890404462814331,GCST004183,Lung function (FEV1),EFO_0004314,PMID:28166213,False
12,10_12236022_T_A,rs7090277,10,12236022.0,39878.0,1e-11,,ENSG00000151465,CDC123,0.5221652388572693,GCST004183,Lung function (FEV1),EFO_0004314,PMID:28166213,False
13,10_76552244_G_A,rs2637254,10,76552244.0,1086125.0,5e-08,-,ENSG00000148655,LRMDA,0.5815814137458801,GCST004183,Lung function (FEV1),EFO_0004314,PMID:28166213,False
14,11_62543437_T_C,rs2509961,11,62543437.0,12798.0,1e-13,+,,,,GCST004183,Lung function (FEV1),EFO_0004314,PMID:28166213,False
15,11_86731691_G_C,rs145729347,11,86731691.0,59055.0,9.000000000000001e-09,,ENSG00000150687,PRSS23,0.6529719829559326,GCST004183,Lung function (FEV1),EFO_0004314,PMID:28166213,False
16,11_126139015_G_A,rs567508,11,126139015.0,72677.0,5e-10,+,,,,GCST004183,Lung function (FEV1),EFO_0004314,PMID:28166213,False
17,12_65430890_A_G,rs1494502,12,65430890.0,152247.0,1e-09,+,ENSG00000174099,MSRB3,0.8128509521484375,GCST004183,Lung function (FEV1),EFO_0004314,PMID:28166213,False
18,17_46115224_T_A,rs35524223,17,46115224.0,110165.0,1e-13,,,,,GCST004183,Lung function (FEV1),EFO_0004314,PMID:28166213,False
19,22_17967521_A_T,rs11704827,22,17967521.0,57040.0,8e-13,,ENSG00000243156,MICAL3,0.8339212536811829,GCST004183,Lung function (FEV1),EFO_0004314,PMID:28166213,False
20,22_27785411_C_T,rs2283847,22,27785411.0,16345.0,3e-11,-,ENSG00000169184,MN1,0.9154658913612366,GCST004183,Lung function (FEV1),EFO_0004314,PMID:28166213,False
0,1_149914583_C_A,rs4926386,1,149914583.0,3261.0,2e-08,+,,,,GCST008480,Lung function (FEV1) [adults],EFO_0004314,PMID:26635082,False
1,1_150614495_G_A,rs6681426,1,150614495.0,15117.0,4e-09,-,,,,GCST008480,Lung function (FEV1) [adults],EFO_0004314,PMID:26635082,False
2,2_18111186_G_A,rs61067109,2,18111186.0,233339.0,3e-11,+,ENSG00000170745,KCNS3,0.7845261693000793,GCST008480,Lung function (FEV1) [adults],EFO_0004314,PMID:26635082,False
3,3_158564670_C_T,rs6441207,3,158564670.0,6493.0,1e-10,-,,,,GCST008480,Lung function (FEV1) [adults],EFO_0004314,PMID:26635082,False
4,4_105920805_G_T,rs6856422,4,105920805.0,24819.0,6.0000000000000005e-15,+,ENSG00000168743,NPNT,0.8696901202201843,GCST008480,Lung function (FEV1) [adults],EFO_0004314,PMID:26635082,False
5,9_136202959_C_T,rs2274116,9,136202959.0,2169.0,3.0000000000000004e-08,-,ENSG00000165661,QSOX2,0.5244505405426025,GCST008480,Lung function (FEV1) [adults],EFO_0004314,PMID:26635082,False
6,12_28130254_A_AT,rs11383346,12,28130254.0,2995.0,1e-13,+,ENSG00000123106,CCDC91,0.7793787717819214,GCST008480,Lung function (FEV1) [adults],EFO_0004314,PMID:26635082,False
7,12_114763631_G_A,rs10850377,12,114763631.0,79456.0,3e-12,+,ENSG00000135111,TBX3,0.7704533338546753,GCST008480,Lung function (FEV1) [adults],EFO_0004314,PMID:26635082,False
8,14_92019537_G_T,rs7155279,14,92019537.0,21359.0,1e-09,+,ENSG00000066427,ATXN3,0.5036827921867371,GCST008480,Lung function (FEV1) [adults],EFO_0004314,PMID:26635082,False
9,14_92651884_C_T,rs117068593,14,92651884.0,96795.0,2e-08,+,ENSG00000100599,RIN3,0.911735475063324,GCST008480,Lung function (FEV1) [adults],EFO_0004314,PMID:26635082,False
10,22_27660378_T_C,rs134041,22,27660378.0,141378.0,3.0000000000000004e-09,+,ENSG00000169184,MN1,0.5837989449501038,GCST008480,Lung function (FEV1) [adults],EFO_0004314,PMID:26635082,False
0,1_2251617_G_A,rs11581132,1,2251617.0,23298.0,6e-14,-,ENSG00000157933,SKI,0.7511340379714966,GCST007432,FEV1,EFO_0004314,PMID:30804560,True
1,1_9377092_C_G,rs12758001,1,9377092.0,84198.0,5.618000000000002e-09,+,,,,GCST007432,FEV1,EFO_0004314,PMID:30804560,True
2,1_10652408_C_T,rs10157038,1,10652408.0,144242.0,1.216e-08,-,,,,GCST007432,FEV1,EFO_0004314,PMID:30804560,True
3,1_19355675_G_A,rs6683394,1,19355675.0,43349.0,3.0019999999999998e-09,-,ENSG00000077549,CAPZB,0.5652902722358704,GCST007432,FEV1,EFO_0004314,PMID:30804560,True
4,1_22286197_A_G,rs12737805,1,22286197.0,142228.0,6.57e-13,-,,,,GCST007432,FEV1,EFO_0004314,PMID:30804560,True
5,1_22327618_G_A,rs4367765,1,22327618.0,101220.0,4.533e-11,-,,,,GCST007432,FEV1,EFO_0004314,PMID:30804560,True
6,1_26121066_A_T,rs17184891,1,26121066.0,9901.0,1.733e-11,+,,,,GCST007432,FEV1,EFO_0004314,PMID:30804560,True
7,1_26470431_G_C,rs12096239,1,26470431.0,2009.0,2.084e-12,-,,,,GCST007432,FEV1,EFO_0004314,PMID:30804560,True
8,1_33254241_C_T,rs12040608,1,33254241.0,2251.0,2.683e-08,+,,,,GCST007432,FEV1,EFO_0004314,PMID:30804560,True
9,1_39529402_C_T,rs755249,1,39529402.0,37766.0,1.52e-13,-,ENSG00000183682,BMP8A,0.5227724313735962,GCST007432,FEV1,EFO_0004314,PMID:30804560,True
10,1_41078607_G_T,rs2885697,1,41078607.0,55370.0,2.2610000000000002e-08,-,ENSG00000010803,SCMH1,0.5242563486099243,GCST007432,FEV1,EFO_0004314,PMID:30804560,True
11,1_50797288_C_T,rs7552837,1,50797288.0,162979.0,1.187e-11,+,,,,GCST007432,FEV1,EFO_0004314,PMID:30804560,True
12,1_55633698_A_C,rs6700588,1,55633698.0,418334.0,4.385e-09,-,,,,GCST007432,FEV1,EFO_0004314,PMID:30804560,True
13,1_77726042_T_C,rs1968027,1,77726042.0,33810.0,1.573e-10,+,,,,GCST007432,FEV1,EFO_0004314,PMID:30804560,True
14,1_111194776_G_A,rs9970286,1,111194776.0,5995.0,5.9059999999999985e-12,+,ENSG00000162777,DENND2D,0.6825281977653503,GCST007432,FEV1,EFO_0004314,PMID:30804560,True
15,1_118354867_C_T,rs12727617,1,118354867.0,169639.0,2.38e-13,+,ENSG00000155761,SPAG17,0.7145696878433228,GCST007432,FEV1,EFO_0004314,PMID:30804560,True
16,1_150303594_A_G,rs509345,1,150303594.0,9733.0,9.741e-10,+,,,,GCST007432,FEV1,EFO_0004314,PMID:30804560,True
17,1_150597690_A_G,rs6697620,1,150597690.0,17952.0,1.0969999999999997e-21,-,,,,GCST007432,FEV1,EFO_0004314,PMID:30804560,True
18,1_170930515_G_T,rs28538985,1,170930515.0,5011.0,1.926e-09,-,ENSG00000117501,MROH9,0.7223246693611145,GCST007432,FEV1,EFO_0004314,PMID:30804560,True
19,1_178749401_A_G,rs6425501,1,178749401.0,24236.0,1.0400000000000001e-13,+,ENSG00000116191,RALGPS2,0.7329782843589783,GCST007432,FEV1,EFO_0004314,PMID:30804560,True
20,1_183345506_T_A,rs1360277,1,183345506.0,72874.0,5.844999999999999e-11,-,ENSG00000157064,NMNAT2,0.5061096549034119,GCST007432,FEV1,EFO_0004314,PMID:30804560,True
21,1_199678046_T_G,rs17652870,1,199678046.0,349568.0,3.5060000000000004e-08,+,,,,GCST007432,FEV1,EFO_0004314,PMID:30804560,True
22,1_204457167_A_G,rs1008833,1,204457167.0,37638.0,4.554000000000001e-18,+,ENSG00000133056,PIK3C2B,0.766050398349762,GCST007432,FEV1,EFO_0004314,PMID:30804560,True
23,1_207210563_G_A,rs7516060,1,207210563.0,106330.0,1.9850000000000002e-08,+,,,,GCST007432,FEV1,EFO_0004314,PMID:30804560,True
24,1_215290601_C_T,rs72737267,1,215290601.0,276703.0,3.271e-09,+,,,,GCST007432,FEV1,EFO_0004314,PMID:30804560,True
25,1_218454682_T_A,rs6666381,1,218454682.0,109346.0,5.54e-09,+,ENSG00000092969,TGFB2,0.8337090611457825,GCST007432,FEV1,EFO_0004314,PMID:30804560,True
26,1_218667969_A_G,rs28646156,1,218667969.0,322633.0,2.12e-13,+,ENSG00000092969,TGFB2,0.5959317088127136,GCST007432,FEV1,EFO_0004314,PMID:30804560,True
27,1_220875369_G_A,rs12132138,1,220875369.0,4062.0,9.507e-09,+,ENSG00000136630,HLX,0.7206607460975647,GCST007432,FEV1,EFO_0004314,PMID:30804560,True
28,1_220982076_T_C,rs2808218,1,220982076.0,102645.0,1.091e-16,+,ENSG00000136630,HLX,0.7545743584632874,GCST007432,FEV1,EFO_0004314,PMID:30804560,True
29,1_221299898_C_A,rs11118682,1,221299898.0,420467.0,1.236e-12,+,,,,GCST007432,FEV1,EFO_0004314,PMID:30804560,True
30,1_239689643_G_C,rs12403980,1,239689643.0,303078.0,6.108e-18,-,ENSG00000133019,CHRM3,0.6700167059898376,GCST007432,FEV1,EFO_0004314,PMID:30804560,True
31,2_5548233_C_A,rs10929647,2,5548233.0,144151.0,2.983e-08,-,ENSG00000176887,SOX11,0.5734682679176331,GCST007432,FEV1,EFO_0004314,PMID:30804560,True
32,2_8304364_C_T,rs391934,2,8304364.0,374481.0,1.5109999999999998e-08,-,ENSG00000115738,ID2,0.5383844971656799,GCST007432,FEV1,EFO_0004314,PMID:30804560,True
33,2_12422282_T_C,rs11689808,2,12422282.0,294628.0,1.696e-08,+,ENSG00000071575,TRIB2,0.5394169092178345,GCST007432,FEV1,EFO_0004314,PMID:30804560,True
34,2_15766654_T_C,rs2544535,2,15766654.0,173896.0,1.084e-20,+,ENSG00000134323,MYCN,0.5836812257766724,GCST007432,FEV1,EFO_0004314,PMID:30804560,True
35,2_18111482_G_A,rs62126364,2,18111482.0,233635.0,3.764000000000001e-27,+,ENSG00000170745,KCNS3,0.7573398947715759,GCST007432,FEV1,EFO_0004314,PMID:30804560,True
36,2_18387925_A_G,rs10165181,2,18387925.0,172754.0,1.1220000000000002e-17,+,,,,GCST007432,FEV1,EFO_0004314,PMID:30804560,True
37,2_18547010_C_T,rs2346133,2,18547010.0,13669.0,2.326e-17,+,ENSG00000240857,RDH14,0.7474086284637451,GCST007432,FEV1,EFO_0004314,PMID:30804560,True
38,2_23708166_C_T,rs9261,2,23708166.0,218957.0,1.0089999999999996e-11,+,,,,GCST007432,FEV1,EFO_0004314,PMID:30804560,True
39,2_42063897_T_C,rs1440099,2,42063897.0,15876.0,1.2220000000000001e-09,+,ENSG00000162878,PKDCC,0.7581839561462402,GCST007432,FEV1,EFO_0004314,PMID:30804560,True
40,2_42333248_T_A,rs10490551,2,42333248.0,91840.0,1.45e-13,+,ENSG00000143924,EML4,0.793765127658844,GCST007432,FEV1,EFO_0004314,PMID:30804560,True
41,2_48415402_G_A,rs6749773,2,48415402.0,25196.0,2.8790000000000002e-08,+,,,,GCST007432,FEV1,EFO_0004314,PMID:30804560,True
42,2_55946772_A_T,rs11125611,2,55946772.0,22633.0,1.1e-14,-,ENSG00000115380,EFEMP1,0.7727290987968445,GCST007432,FEV1,EFO_0004314,PMID:30804560,True
43,2_65329915_A_G,rs72894568,2,65329915.0,102127.0,2.231e-08,+,ENSG00000198369,SPRED2,0.7666212916374207,GCST007432,FEV1,EFO_0004314,PMID:30804560,True
44,2_65865093_A_G,rs66726071,2,65865093.0,432456.0,8.497e-09,-,,,,GCST007432,FEV1,EFO_0004314,PMID:30804560,True
45,2_67238621_T_C,rs17033254,2,67238621.0,158701.0,2.5790000000000003e-09,+,,,,GCST007432,FEV1,EFO_0004314,PMID:30804560,True
46,2_99945016_G_A,rs62147658,2,99945016.0,247412.0,2.416e-12,-,ENSG00000144218,AFF3,0.641426146030426,GCST007432,FEV1,EFO_0004314,PMID:30804560,True
47,2_134854852_C_T,rs6430547,2,134854852.0,16236.0,1.7000000000000003e-14,+,,,,GCST007432,FEV1,EFO_0004314,PMID:30804560,True
48,2_150195197_C_G,rs72855742,2,150195197.0,343814.0,2.0150000000000003e-10,+,,,,GCST007432,FEV1,EFO_0004314,PMID:30804560,True
49,2_156140933_C_G,rs113707721,2,156140933.0,201415.0,1.7000000000000002e-22,-,ENSG00000153234,NR4A2,0.5897997617721558,GCST007432,FEV1,EFO_0004314,PMID:30804560,True
50,2_160474570_C_T,rs10208158,2,160474570.0,19237.0,1.384e-12,+,ENSG00000153250,RBMS1,0.7611980438232422,GCST007432,FEV1,EFO_0004314,PMID:30804560,True
51,2_168631158_A_C,rs4667585,2,168631158.0,155381.0,2.1640000000000002e-10,-,ENSG00000172292,CERS6,0.809429943561554,GCST007432,FEV1,EFO_0004314,PMID:30804560,True
52,2_175578684_C_A,rs72919777,2,175578684.0,396974.0,2.899e-08,+,,,,GCST007432,FEV1,EFO_0004314,PMID:30804560,True
53,2_177345540_T_A,rs6740092,2,177345540.0,47206.0,1.072e-11,+,,,,GCST007432,FEV1,EFO_0004314,PMID:30804560,True
54,2_178395655_A_G,rs2304340,2,178395655.0,55691.0,3.718e-09,+,,,,GCST007432,FEV1,EFO_0004314,PMID:30804560,True
55,2_198837015_G_A,rs2693284,2,198837015.0,634251.0,2.2999999999999997e-14,-,,,,GCST007432,FEV1,EFO_0004314,PMID:30804560,True
56,2_209445813_T_G,rs72995681,2,209445813.0,21766.0,5.205e-12,-,,,,GCST007432,FEV1,EFO_0004314,PMID:30804560,True
57,2_216766615_C_T,rs17773965,2,216766615.0,71066.0,1.229e-10,+,,,,GCST007432,FEV1,EFO_0004314,PMID:30804560,True
58,2_217818431_A_G,rs2571445,2,217818431.0,215551.0,7.243e-33,+,ENSG00000079308,TNS1,0.7232429385185242,GCST007432,FEV1,EFO_0004314,PMID:30804560,True
59,2_238537546_A_G,rs112559043,2,238537546.0,110804.0,3.450000000000001e-13,+,,,,GCST007432,FEV1,EFO_0004314,PMID:30804560,True
60,2_238716509_A_G,rs13392601,2,238716509.0,131523.0,7e-15,-,ENSG00000233608,TWIST2,0.5948137044906616,GCST007432,FEV1,EFO_0004314,PMID:30804560,True
61,2_238954831_T_C,rs62191107,2,238954831.0,106799.0,1.652e-22,+,ENSG00000233608,TWIST2,0.6884750127792358,GCST007432,FEV1,EFO_0004314,PMID:30804560,True
62,2_241556910_C_T,rs7572476,2,241556910.0,5486.0,6.250000000000001e-13,-,ENSG00000176720,BOK,0.6997690796852112,GCST007432,FEV1,EFO_0004314,PMID:30804560,True
63,3_11626240_C_T,rs3856802,3,11626240.0,145110.0,2.9740000000000003e-09,+,ENSG00000144560,VGLL4,0.560342013835907,GCST007432,FEV1,EFO_0004314,PMID:30804560,True
64,3_13746144_A_G,rs2974389,3,13746144.0,133927.0,1.7030000000000001e-12,-,ENSG00000154764,WNT7A,0.718151867389679,GCST007432,FEV1,EFO_0004314,PMID:30804560,True
65,3_25507083_G_A,rs1286645,3,25507083.0,157826.0,3.0459999999999996e-08,+,,,,GCST007432,FEV1,EFO_0004314,PMID:30804560,True
66,3_32893634_A_G,rs13433809,3,32893634.0,58010.0,1.428e-18,-,ENSG00000206557,TRIM71,0.7513788938522339,GCST007432,FEV1,EFO_0004314,PMID:30804560,True
67,3_49734942_G_A,rs7649348,3,49734942.0,10969.0,5.138e-12,+,,,,GCST007432,FEV1,EFO_0004314,PMID:30804560,True
68,3_52315831_A_G,rs17327818,3,52315831.0,488.0,4.853e-08,+,,,,GCST007432,FEV1,EFO_0004314,PMID:30804560,True
69,3_53638444_T_C,rs9819463,3,53638444.0,207975.0,1.1e-14,-,,,,GCST007432,FEV1,EFO_0004314,PMID:30804560,True
70,3_55124197_A_G,rs17759204,3,55124197.0,157109.0,5.897e-11,-,,,,GCST007432,FEV1,EFO_0004314,PMID:30804560,True
71,3_57907780_A_G,rs9864975,3,57907780.0,100618.0,6.752e-26,+,,,,GCST007432,FEV1,EFO_0004314,PMID:30804560,True
72,3_64402435_G_C,rs6774193,3,64402435.0,43041.0,1.234e-08,+,ENSG00000163637,PRICKLE2,0.78680419921875,GCST007432,FEV1,EFO_0004314,PMID:30804560,True
73,3_67404580_C_T,rs4538392,3,67404580.0,250032.0,3.0000000000000002e-15,+,ENSG00000172340,SUCLG2,0.5586329698562622,GCST007432,FEV1,EFO_0004314,PMID:30804560,True
74,3_71522545_C_T,rs1499894,3,71522545.0,61433.0,1.0209999999999999e-16,+,ENSG00000114861,FOXP1,0.8068116307258606,GCST007432,FEV1,EFO_0004314,PMID:30804560,True
75,3_73523393_T_C,rs13069228,3,73523393.0,101548.0,9.590999999999997e-11,-,,,,GCST007432,FEV1,EFO_0004314,PMID:30804560,True
76,3_99073976_C_T,rs7631857,3,99073976.0,172281.0,1.149e-28,-,ENSG00000057019,DCBLD2,0.6119929552078247,GCST007432,FEV1,EFO_0004314,PMID:30804560,True
77,3_99701014_T_A,rs1610263,3,99701014.0,62539.0,7.1e-13,+,,,,GCST007432,FEV1,EFO_0004314,PMID:30804560,True
78,3_123347163_A_G,rs11708903,3,123347163.0,101927.0,3.5510000000000005e-08,-,ENSG00000173175,ADCY5,0.8003928065299988,GCST007432,FEV1,EFO_0004314,PMID:30804560,True
79,3_128273095_T_C,rs2811416,3,128273095.0,119181.0,1.6080000000000002e-08,-,ENSG00000132394,EEFSEC,0.6140583157539368,GCST007432,FEV1,EFO_0004314,PMID:30804560,True
80,3_134622218_A_C,rs4955548,3,134622218.0,29418.0,2.0099999999999998e-10,-,,,,GCST007432,FEV1,EFO_0004314,PMID:30804560,True
81,3_152013928_A_G,rs1987989,3,152013928.0,140285.0,9.844e-10,+,,,,GCST007432,FEV1,EFO_0004314,PMID:30804560,True
82,3_158494133_T_C,rs73154306,3,158494133.0,77030.0,2.2709999999999997e-21,-,,,,GCST007432,FEV1,EFO_0004314,PMID:30804560,True
83,3_168992852_T_C,rs881755,3,168992852.0,670923.0,9.055e-26,+,ENSG00000085276,MECOM,0.6364113092422485,GCST007432,FEV1,EFO_0004314,PMID:30804560,True
84,3_169577648_A_G,rs78101726,3,169577648.0,86127.0,7.724e-25,-,ENSG00000085276,MECOM,0.8444640636444092,GCST007432,FEV1,EFO_0004314,PMID:30804560,True
85,3_183856760_G_C,rs12107414,3,183856760.0,28173.0,3.006e-09,-,,,,GCST007432,FEV1,EFO_0004314,PMID:30804560,True
86,3_185785668_T_A,rs6780171,3,185785668.0,39374.0,6.176999999999999e-12,-,ENSG00000073792,IGF2BP2,0.7815319895744324,GCST007432,FEV1,EFO_0004314,PMID:30804560,True
87,3_186365694_G_A,rs73182224,3,186365694.0,3460.0,6.002e-10,-,ENSG00000058866,DGKG,0.6743564009666443,GCST007432,FEV1,EFO_0004314,PMID:30804560,True
88,3_197225300_A_C,rs10461050,3,197225300.0,74030.0,2.8340000000000008e-09,+,,,,GCST007432,FEV1,EFO_0004314,PMID:30804560,True
89,4_1695610_G_A,rs34049648,4,1695610.0,11297.0,3.1219999999999997e-11,-,,,,GCST007432,FEV1,EFO_0004314,PMID:30804560,True
90,4_2969899_A_G,rs2153997,4,2969899.0,6328.0,6.705e-09,+,,,,GCST007432,FEV1,EFO_0004314,PMID:30804560,True
91,4_3494214_T_C,rs1054661,4,3494214.0,30908.0,1.0920000000000001e-08,+,,,,GCST007432,FEV1,EFO_0004314,PMID:30804560,True
92,4_7900276_A_C,rs4478172,4,7900276.0,39650.0,3.193e-12,-,ENSG00000196526,AFAP1,0.8664838671684265,GCST007432,FEV1,EFO_0004314,PMID:30804560,True
93,4_55149083_T_C,rs6818203,4,55149083.0,23488.0,4.481000000000001e-09,-,,,,GCST007432,FEV1,EFO_0004314,PMID:30804560,True
94,4_56950140_T_C,rs6830774,4,56950140.0,27466.0,6.764000000000002e-10,-,,,,GCST007432,FEV1,EFO_0004314,PMID:30804560,True
95,4_74751362_G_A,rs62316311,4,74751362.0,43161.0,4.7419999999999996e-11,+,ENSG00000174808,BTC,0.8730098009109497,GCST007432,FEV1,EFO_0004314,PMID:30804560,True
96,4_87119757_A_G,rs342437,4,87119757.0,120557.0,4.7210000000000004e-08,+,,,,GCST007432,FEV1,EFO_0004314,PMID:30804560,True
97,4_105207797_C_T,rs7663401,4,105207797.0,61922.0,3.272e-19,-,ENSG00000168769,TET2,0.8982618451118469,GCST007432,FEV1,EFO_0004314,PMID:30804560,True
98,4_105858324_A_C,rs111813903,4,105858324.0,36451.0,2.477e-54,+,,,,GCST007432,FEV1,EFO_0004314,PMID:30804560,True
99,4_105897896_G_A,rs34712979,4,105897896.0,1910.0,9.32e-97,-,ENSG00000168743,NPNT,0.6931724548339844,GCST007432,FEV1,EFO_0004314,PMID:30804560,True
100,4_112668772_G_A,rs10461189,4,112668772.0,31695.0,2.701e-08,-,ENSG00000145362,ANK2,0.6033156514167786,GCST007432,FEV1,EFO_0004314,PMID:30804560,True
101,4_122861950_G_A,rs308381,4,122861950.0,35242.0,3.118e-08,+,ENSG00000145375,SPATA5,0.5087544322013855,GCST007432,FEV1,EFO_0004314,PMID:30804560,True
102,4_123909776_G_A,rs57389113,4,123909776.0,512981.0,1.0720000000000004e-09,-,,,,GCST007432,FEV1,EFO_0004314,PMID:30804560,True
103,4_127731072_G_A,rs4834214,4,127731072.0,672.0,5.638000000000001e-10,-,ENSG00000164066,INTU,0.6329967379570007,GCST007432,FEV1,EFO_0004314,PMID:30804560,True
104,4_139965809_G_A,rs13109980,4,139965809.0,188375.0,3.633e-08,+,ENSG00000196782,MAML3,0.5967917442321777,GCST007432,FEV1,EFO_0004314,PMID:30804560,True
105,4_144547693_G_T,rs7663740,4,144547693.0,98463.0,1.174e-66,+,ENSG00000164161,HHIP,0.7313264608383179,GCST007432,FEV1,EFO_0004314,PMID:30804560,True
106,4_144737912_T_C,rs11727676,4,144737912.0,91756.0,7.079e-30,-,ENSG00000164161,HHIP,0.9081998467445374,GCST007432,FEV1,EFO_0004314,PMID:30804560,True
107,4_173660916_C_T,rs10005540,4,173660916.0,130687.0,3.078e-09,+,ENSG00000164107,HAND2,0.6982220411300659,GCST007432,FEV1,EFO_0004314,PMID:30804560,True
108,5_609546_G_A,rs11739847,5,609546.0,2794.0,4.3e-13,-,ENSG00000112877,CEP72,0.7295182943344116,GCST007432,FEV1,EFO_0004314,PMID:30804560,True
109,5_33352632_C_T,rs268717,5,33352632.0,88064.0,1.7000000000000003e-14,-,ENSG00000113407,TARS1,0.6541035175323486,GCST007432,FEV1,EFO_0004314,PMID:30804560,True
110,5_43473441_A_T,rs112126001,5,43473441.0,10452.0,6.684e-16,-,ENSG00000151881,TMEM267,0.7595285177230835,GCST007432,FEV1,EFO_0004314,PMID:30804560,True
111,5_43976060_A_G,rs4866846,5,43976060.0,373368.0,2.465e-17,-,,,,GCST007432,FEV1,EFO_0004314,PMID:30804560,True
112,5_44382740_C_A,rs6892212,5,44382740.0,6966.0,4.169e-12,-,ENSG00000070193,FGF10,0.8405773639678955,GCST007432,FEV1,EFO_0004314,PMID:30804560,True
113,5_52894524_A_C,rs72756582,5,52894524.0,94816.0,2.9230000000000008e-09,-,ENSG00000213949,ITGA1,0.7798562049865723,GCST007432,FEV1,EFO_0004314,PMID:30804560,True
114,5_52987197_T_C,rs3212656,5,52987197.0,2143.0,1.718e-17,+,ENSG00000164171,ITGA2,0.7178798317909241,GCST007432,FEV1,EFO_0004314,PMID:30804560,True
115,5_54148668_C_T,rs2441026,5,54148668.0,161914.0,1.233e-12,+,ENSG00000185305,ARL15,0.8808466196060181,GCST007432,FEV1,EFO_0004314,PMID:30804560,True
116,5_62169796_A_C,rs4700483,5,62169796.0,136366.0,1.573e-10,+,ENSG00000068796,KIF2A,0.6054885387420654,GCST007432,FEV1,EFO_0004314,PMID:30804560,True
117,5_78100576_T_G,rs425102,5,78100576.0,194186.0,6.554e-09,-,,,,GCST007432,FEV1,EFO_0004314,PMID:30804560,True
118,5_93119949_A_G,rs4869412,5,93119949.0,463273.0,4.821e-08,+,,,,GCST007432,FEV1,EFO_0004314,PMID:30804560,True
119,5_98733031_G_A,rs2545671,5,98733031.0,35619.0,1.4570000000000002e-10,+,ENSG00000174136,RGMB,0.7533314228057861,GCST007432,FEV1,EFO_0004314,PMID:30804560,True
120,5_122705125_C_T,rs13165062,5,122705125.0,69954.0,1.115e-09,-,,,,GCST007432,FEV1,EFO_0004314,PMID:30804560,True
121,5_123356386_C_T,rs11241689,5,123356386.0,67206.0,2.1600000000000001e-13,-,ENSG00000168944,CEP120,0.6857572793960571,GCST007432,FEV1,EFO_0004314,PMID:30804560,True
122,5_129430598_C_G,rs11949844,5,129430598.0,29683.0,1.069e-10,+,ENSG00000145808,ADAMTS19,0.7503575682640076,GCST007432,FEV1,EFO_0004314,PMID:30804560,True
123,5_130033682_T_G,rs13190060,5,130033682.0,129217.0,9.687e-09,-,ENSG00000198108,CHSY3,0.8337078094482422,GCST007432,FEV1,EFO_0004314,PMID:30804560,True
124,5_132133311_C_T,rs247276,5,132133311.0,59522.0,2.723e-08,+,,,,GCST007432,FEV1,EFO_0004314,PMID:30804560,True
125,5_133055730_A_G,rs62375203,5,133055730.0,3717.0,8.053e-12,-,ENSG00000170606,HSPA4,0.7002956867218018,GCST007432,FEV1,EFO_0004314,PMID:30804560,True
126,5_140937818_A_T,rs190175998,5,140937818.0,11519.0,4.4749999999999995e-09,+,,,,GCST007432,FEV1,EFO_0004314,PMID:30804560,True
127,5_142421651_A_G,rs253438,5,142421651.0,95196.0,1.3320000000000002e-09,+,ENSG00000187678,SPRY4,0.6709457635879517,GCST007432,FEV1,EFO_0004314,PMID:30804560,True
128,5_148476959_G_A,rs7733410,5,148476959.0,93024.0,7.115e-47,+,,,,GCST007432,FEV1,EFO_0004314,PMID:30804560,True
129,5_148823673_T_C,rs35684381,5,148823673.0,2938.0,1.8500000000000002e-13,+,ENSG00000169252,ADRB2,0.5860010385513306,GCST007432,FEV1,EFO_0004314,PMID:30804560,True
130,5_148827322_C_T,rs1800888,5,148827322.0,711.0,6.4470000000000004e-18,-,ENSG00000169252,ADRB2,0.8469762802124023,GCST007432,FEV1,EFO_0004314,PMID:30804560,True
131,5_149272739_G_T,rs11952673,5,149272739.0,880.0,1.3999999999999997e-14,-,,,,GCST007432,FEV1,EFO_0004314,PMID:30804560,True
132,5_151223001_G_A,rs72792139,5,151223001.0,1092.0,1.3999999999999997e-14,-,ENSG00000196743,GM2A,0.6305093765258789,GCST007432,FEV1,EFO_0004314,PMID:30804560,True
133,5_157489979_C_A,rs11741723,5,157489979.0,29766.0,5.243000000000001e-18,+,ENSG00000135074,ADAM19,0.5425992608070374,GCST007432,FEV1,EFO_0004314,PMID:30804560,True
134,5_157499434_T_C,rs13361953,5,157499434.0,39221.0,2.016e-25,-,ENSG00000135074,ADAM19,0.7831371426582336,GCST007432,FEV1,EFO_0004314,PMID:30804560,True
135,5_158937441_G_A,rs72643433,5,158937441.0,162475.0,2.0950000000000003e-12,-,ENSG00000164330,EBF1,0.8339223861694336,GCST007432,FEV1,EFO_0004314,PMID:30804560,True
136,5_171474582_A_T,rs12519165,5,171474582.0,54935.0,7.818000000000003e-09,+,,,,GCST007432,FEV1,EFO_0004314,PMID:30804560,True
137,5_173352208_T_C,rs11747434,5,173352208.0,23761.0,2.76e-09,+,ENSG00000113739,STC2,0.6925011277198792,GCST007432,FEV1,EFO_0004314,PMID:30804560,True
138,5_180171771_T_C,rs79898473,5,180171771.0,37440.0,2.508e-08,+,ENSG00000146090,RASGEF1C,0.5537684559822083,GCST007432,FEV1,EFO_0004314,PMID:30804560,True
139,6_1775480_A_T,rs722587,6,1775480.0,165565.0,9.523e-10,+,ENSG00000112699,GMDS,0.625829815864563,GCST007432,FEV1,EFO_0004314,PMID:30804560,True
140,6_2494637_A_G,rs4959187,6,2494637.0,249032.0,3.2400000000000003e-12,-,,,,GCST007432,FEV1,EFO_0004314,PMID:30804560,True
141,6_7723729_C_G,rs9392172,6,7723729.0,2370.0,1.396e-20,-,ENSG00000153162,BMP6,0.8315252661705017,GCST007432,FEV1,EFO_0004314,PMID:30804560,True
142,6_7797607_C_G,rs10498672,6,7797607.0,71508.0,1.897e-24,-,ENSG00000153162,BMP6,0.8853343725204468,GCST007432,FEV1,EFO_0004314,PMID:30804560,True
143,6_19843536_C_A,rs6905736,6,19843536.0,6166.0,1.1810000000000001e-12,-,ENSG00000172201,ID4,0.8510624170303345,GCST007432,FEV1,EFO_0004314,PMID:30804560,True
144,6_22072196_A_G,rs196025,6,22072196.0,230630.0,2.0400000000000001e-13,+,,,,GCST007432,FEV1,EFO_0004314,PMID:30804560,True
145,6_25513951_G_A,rs35789010,6,25513951.0,138250.0,7.945999999999999e-22,-,,,,GCST007432,FEV1,EFO_0004314,PMID:30804560,True
146,6_27607489_T_A,rs72845046,6,27607489.0,134371.0,1.07e-36,-,,,,GCST007432,FEV1,EFO_0004314,PMID:30804560,True
147,6_33816363_C_T,rs1969844,6,33816363.0,12360.0,1.051e-08,+,ENSG00000161896,IP6K3,0.6813161969184875,GCST007432,FEV1,EFO_0004314,PMID:30804560,True
148,6_34221115_A_C,rs9689096,6,34221115.0,15758.0,1.71e-13,+,ENSG00000137309,HMGA1,0.6695843935012817,GCST007432,FEV1,EFO_0004314,PMID:30804560,True
149,6_35011470_C_T,rs72896231,6,35011470.0,122215.0,1.3999999999999997e-14,-,ENSG00000064999,ANKS1A,0.5709356665611267,GCST007432,FEV1,EFO_0004314,PMID:30804560,True
150,6_44479861_G_A,rs9357446,6,44479861.0,92155.0,8.121e-09,-,,,,GCST007432,FEV1,EFO_0004314,PMID:30804560,True
151,6_56146602_C_A,rs12216230,6,56146602.0,247492.0,9.483000000000001e-09,-,ENSG00000124749,COL21A1,0.8108466267585754,GCST007432,FEV1,EFO_0004314,PMID:30804560,True
152,6_56471608_A_G,rs2894837,6,56471608.0,77514.0,9.220000000000001e-13,-,,,,GCST007432,FEV1,EFO_0004314,PMID:30804560,True
153,6_75559095_C_T,rs9350593,6,75559095.0,42414.0,1.375e-11,-,ENSG00000112701,SENP6,0.5429769158363342,GCST007432,FEV1,EFO_0004314,PMID:30804560,True
154,6_80346917_T_C,rs723588,6,80346917.0,240270.0,4.391e-09,+,ENSG00000083123,BCKDHB,0.6606035232543945,GCST007432,FEV1,EFO_0004314,PMID:30804560,True
155,6_104946746_G_A,rs314262,6,104946746.0,10130.0,3.433e-11,+,ENSG00000187772,LIN28B,0.8144762516021729,GCST007432,FEV1,EFO_0004314,PMID:30804560,True
156,6_108946847_C_T,rs2798641,6,108946847.0,98431.0,1.686e-26,-,ENSG00000118690,ARMC2,0.8648544549942017,GCST007432,FEV1,EFO_0004314,PMID:30804560,True
157,6_116936036_C_T,rs675495,6,116936036.0,58824.0,7.84e-13,-,ENSG00000185002,RFX6,0.7699795961380005,GCST007432,FEV1,EFO_0004314,PMID:30804560,True
158,6_126481452_A_G,rs7753563,6,126481452.0,141337.0,4.14e-13,+,,,,GCST007432,FEV1,EFO_0004314,PMID:30804560,True
159,6_134018127_A_G,rs2627237,6,134018127.0,34497.0,3.4970000000000002e-09,-,ENSG00000146411,SLC2A12,0.8763390183448792,GCST007432,FEV1,EFO_0004314,PMID:30804560,True
160,6_139950220_A_C,rs1102077,6,139950220.0,575572.0,4e-15,-,,,,GCST007432,FEV1,EFO_0004314,PMID:30804560,True
161,6_142240851_T_G,rs9496302,6,142240851.0,61003.0,1.43e-26,+,ENSG00000009844,VTA1,0.558911919593811,GCST007432,FEV1,EFO_0004314,PMID:30804560,True
162,6_142424746_T_G,rs7753012,6,142424746.0,122892.0,7.087999999999999e-23,+,ENSG00000112414,ADGRG6,0.9085463285446167,GCST007432,FEV1,EFO_0004314,PMID:30804560,True
163,6_152271967_A_G,rs6904757,6,152271967.0,365834.0,1.577e-10,-,ENSG00000131018,SYNE1,0.7897091507911682,GCST007432,FEV1,EFO_0004314,PMID:30804560,True
164,6_154963183_C_G,rs2273898,6,154963183.0,130486.0,3.891e-08,+,ENSG00000146426,TIAM2,0.6301621198654175,GCST007432,FEV1,EFO_0004314,PMID:30804560,True
165,6_155234392_G_C,rs6932115,6,155234392.0,29621.0,7.799000000000001e-09,+,,,,GCST007432,FEV1,EFO_0004314,PMID:30804560,True
166,6_158237756_T_C,rs661857,6,158237756.0,5520.0,3.076e-10,+,ENSG00000130338,TULP4,0.7918382287025452,GCST007432,FEV1,EFO_0004314,PMID:30804560,True
167,6_169216017_C_T,rs3253,6,169216017.0,38033.0,1.2810000000000003e-10,+,ENSG00000186340,THBS2,0.8434846997261047,GCST007432,FEV1,EFO_0004314,PMID:30804560,True
168,7_7210818_A_C,rs7780273,7,7210818.0,53884.0,1.2680000000000002e-10,-,ENSG00000106392,C1GALT1,0.7744155526161194,GCST007432,FEV1,EFO_0004314,PMID:30804560,True
169,7_14903539_A_G,rs56751608,7,14903539.0,71238.0,2.0379999999999998e-10,-,ENSG00000136267,DGKB,0.8350346684455872,GCST007432,FEV1,EFO_0004314,PMID:30804560,True
170,7_15466382_T_G,rs4721442,7,15466382.0,95633.0,1.404e-09,-,ENSG00000187546,AGMO,0.8549514412879944,GCST007432,FEV1,EFO_0004314,PMID:30804560,True
171,7_17723042_C_A,rs10273455,7,17723042.0,217459.0,1.89e-10,-,,,,GCST007432,FEV1,EFO_0004314,PMID:30804560,True
172,7_18304472_G_A,rs7806296,7,18304472.0,217523.0,4e-15,-,ENSG00000048052,HDAC9,0.7851426005363464,GCST007432,FEV1,EFO_0004314,PMID:30804560,True
173,7_19023152_G_A,rs2717329,7,19023152.0,94484.0,1.24e-13,+,ENSG00000122691,TWIST1,0.8618342876434326,GCST007432,FEV1,EFO_0004314,PMID:30804560,True
174,7_20378511_C_T,rs2040732,7,20378511.0,47809.0,2.869e-10,+,ENSG00000105855,ITGB8,0.6563575863838196,GCST007432,FEV1,EFO_0004314,PMID:30804560,True
175,7_23444609_G_A,rs56685747,7,23444609.0,25882.0,2.9150000000000008e-09,+,,,,GCST007432,FEV1,EFO_0004314,PMID:30804560,True
176,7_26809211_T_C,rs559233,7,26809211.0,186028.0,7.8e-13,-,ENSG00000005020,SKAP2,0.5174078345298767,GCST007432,FEV1,EFO_0004314,PMID:30804560,True
177,7_28171041_T_C,rs520161,7,28171041.0,9754.0,1.2290000000000002e-17,+,ENSG00000153814,JAZF1,0.8334918022155762,GCST007432,FEV1,EFO_0004314,PMID:30804560,True
178,7_33471004_C_T,rs6462481,7,33471004.0,361447.0,5.284e-09,-,ENSG00000122507,BBS9,0.6320598721504211,GCST007432,FEV1,EFO_0004314,PMID:30804560,True
179,7_39260328_C_T,rs111066305,7,39260328.0,282419.0,3.034e-08,+,ENSG00000106536,POU6F2,0.7448728680610657,GCST007432,FEV1,EFO_0004314,PMID:30804560,True
180,7_40776866_C_T,rs2329877,7,40776866.0,641861.0,2.2050000000000001e-10,-,ENSG00000175600,SUGCT,0.7775132656097412,GCST007432,FEV1,EFO_0004314,PMID:30804560,True
181,7_41004585_G_C,rs6974297,7,41004585.0,701249.0,3.017e-08,-,ENSG00000175600,SUGCT,0.5209037065505981,GCST007432,FEV1,EFO_0004314,PMID:30804560,True
182,7_46408920_T_C,rs17232687,7,46408920.0,487046.0,1e-15,+,,,,GCST007432,FEV1,EFO_0004314,PMID:30804560,True
183,7_82904347_A_G,rs11765159,7,82904347.0,258583.0,3.88e-09,-,,,,GCST007432,FEV1,EFO_0004314,PMID:30804560,True
184,7_84940194_C_G,rs12707691,7,84940194.0,246862.0,1.669e-16,+,ENSG00000153993,SEMA3D,0.7531878352165222,GCST007432,FEV1,EFO_0004314,PMID:30804560,True
185,7_105215424_C_A,rs4730073,7,105215424.0,183884.0,1.0520000000000001e-08,+,ENSG00000135250,SRPK2,0.6583965420722961,GCST007432,FEV1,EFO_0004314,PMID:30804560,True
186,7_139792848_C_G,rs1074977,7,139792848.0,14850.0,7.2070000000000004e-09,+,,,,GCST007432,FEV1,EFO_0004314,PMID:30804560,True
187,7_156334552_G_A,rs12698403,7,156334552.0,305729.0,6.419e-31,-,,,,GCST007432,FEV1,EFO_0004314,PMID:30804560,True
188,8_9143431_G_A,rs330925,8,9143431.0,8143.0,2.5399999999999998e-11,-,ENSG00000173281,PPP1R3B,0.8156790137290955,GCST007432,FEV1,EFO_0004314,PMID:30804560,True
189,8_11965823_T_C,rs4128298,8,11965823.0,8776.0,3.4769999999999993e-11,+,ENSG00000205884,DEFB136,0.5745819807052612,GCST007432,FEV1,EFO_0004314,PMID:30804560,True
190,8_63789685_A_T,rs1216550,8,63789685.0,621132.0,3.907e-10,+,,,,GCST007432,FEV1,EFO_0004314,PMID:30804560,True
191,8_68649779_A_G,rs12543555,8,68649779.0,318824.0,1.671e-12,-,ENSG00000165084,C8orf34,0.7653710246086121,GCST007432,FEV1,EFO_0004314,PMID:30804560,True
192,8_69455013_T_C,rs7465401,8,69455013.0,11611.0,9.086e-16,+,ENSG00000137573,SULF1,0.7256507277488708,GCST007432,FEV1,EFO_0004314,PMID:30804560,True
193,8_102119072_T_C,rs659398,8,102119072.0,5835.0,4.3489999999999997e-11,+,ENSG00000104490,NCALD,0.8525908589363098,GCST007432,FEV1,EFO_0004314,PMID:30804560,True
194,8_108257052_C_T,rs62537573,8,108257052.0,173410.0,4.406e-08,-,,,,GCST007432,FEV1,EFO_0004314,PMID:30804560,True
195,8_129118358_A_C,rs6470697,8,129118358.0,668266.0,6.55e-13,+,,,,GCST007432,FEV1,EFO_0004314,PMID:30804560,True
196,8_144283743_T_C,rs4977214,8,144283743.0,7695.0,1.1e-14,+,,,,GCST007432,FEV1,EFO_0004314,PMID:30804560,True
197,9_1053101_T_A,rs72703234,9,1053101.0,3243.0,6.762000000000001e-10,+,ENSG00000173253,DMRT2,0.8790498971939087,GCST007432,FEV1,EFO_0004314,PMID:30804560,True
198,9_1501783_G_A,rs2095024,9,1501783.0,451925.0,2.273e-12,+,,,,GCST007432,FEV1,EFO_0004314,PMID:30804560,True
199,9_4123284_G_C,rs4741893,9,4123284.0,225108.0,4.982e-22,-,ENSG00000107249,GLIS3,0.801408588886261,GCST007432,FEV1,EFO_0004314,PMID:30804560,True
200,9_14770827_T_C,rs7860370,9,14770827.0,48094.0,1.0869999999999999e-08,+,,,,GCST007432,FEV1,EFO_0004314,PMID:30804560,True
201,9_16986114_C_G,rs7029491,9,16986114.0,115271.0,4.841999999999999e-11,+,,,,GCST007432,FEV1,EFO_0004314,PMID:30804560,True
202,9_18013735_C_T,rs7041139,9,18013735.0,107172.0,3.085e-12,-,ENSG00000178031,ADAMTSL1,0.6660515069961548,GCST007432,FEV1,EFO_0004314,PMID:30804560,True
203,9_23588832_T_C,rs2099364,9,23588832.0,237505.0,9.21e-13,+,ENSG00000107105,ELAVL2,0.6399508118629456,GCST007432,FEV1,EFO_0004314,PMID:30804560,True
204,9_81140293_T_C,rs62579839,9,81140293.0,549254.0,1.012e-09,+,,,,GCST007432,FEV1,EFO_0004314,PMID:30804560,True
205,9_86471363_T_A,rs750188,9,86471363.0,116909.0,8.666000000000001e-10,-,,,,GCST007432,FEV1,EFO_0004314,PMID:30804560,True
206,9_92418093_C_A,rs3118008,9,92418093.0,6378.0,6.702e-10,+,,,,GCST007432,FEV1,EFO_0004314,PMID:30804560,True
207,9_94223796_C_T,rs78028918,9,94223796.0,35502.0,4.9379999999999996e-08,+,,,,GCST007432,FEV1,EFO_0004314,PMID:30804560,True
208,9_96117452_G_A,rs12115436,9,96117452.0,184724.0,5.09e-13,+,,,,GCST007432,FEV1,EFO_0004314,PMID:30804560,True
209,9_98907106_A_G,rs7874187,9,98907106.0,36073.0,2.086e-08,+,ENSG00000204291,COL15A1,0.537413477897644,GCST007432,FEV1,EFO_0004314,PMID:30804560,True
210,9_100397563_T_A,rs10819770,9,100397563.0,29580.0,5.1010000000000005e-09,-,,,,GCST007432,FEV1,EFO_0004314,PMID:30804560,True
211,9_106759871_A_G,rs2493639,9,106759871.0,103295.0,1.887e-08,-,ENSG00000148143,ZNF462,0.7411748170852661,GCST007432,FEV1,EFO_0004314,PMID:30804560,True
212,9_107408544_T_C,rs10978839,9,107408544.0,81938.0,4.529e-08,+,ENSG00000136826,KLF4,0.6451738476753235,GCST007432,FEV1,EFO_0004314,PMID:30804560,True
213,9_115869885_G_A,rs9409173,9,115869885.0,283906.0,1.103e-08,-,,,,GCST007432,FEV1,EFO_0004314,PMID:30804560,True
214,9_116665281_A_G,rs803907,9,116665281.0,22024.0,2.209e-19,-,,,,GCST007432,FEV1,EFO_0004314,PMID:30804560,True
215,9_126646919_T_C,rs6478750,9,126646919.0,32991.0,3.619e-08,+,,,,GCST007432,FEV1,EFO_0004314,PMID:30804560,True
216,9_129181564_A_G,rs967497,9,129181564.0,3303.0,2.794e-09,-,ENSG00000188483,IER5L,0.7386388778686523,GCST007432,FEV1,EFO_0004314,PMID:30804560,True
217,9_133278537_C_T,rs11244061,9,133278537.0,2513.0,8.161e-10,-,,,,GCST007432,FEV1,EFO_0004314,PMID:30804560,True
218,9_136218808_C_T,rs12684650,9,136218808.0,13680.0,1.204e-12,-,ENSG00000165661,QSOX2,0.5150357484817505,GCST007432,FEV1,EFO_0004314,PMID:30804560,True
219,9_136395799_C_G,rs4498662,9,136395799.0,4377.0,1.8200000000000001e-09,-,,,,GCST007432,FEV1,EFO_0004314,PMID:30804560,True
220,10_12210218_G_A,rs2271804,10,12210218.0,14074.0,4.74e-48,+,ENSG00000151465,CDC123,0.662350594997406,GCST007432,FEV1,EFO_0004314,PMID:30804560,True
221,10_13877625_C_T,rs1881586,10,13877625.0,290686.0,3.953e-08,+,,,,GCST007432,FEV1,EFO_0004314,PMID:30804560,True
222,10_15692263_C_A,rs77508821,10,15692263.0,27659.0,2.8450000000000003e-08,-,ENSG00000077943,ITGA8,0.7374933958053589,GCST007432,FEV1,EFO_0004314,PMID:30804560,True
223,10_20921609_G_T,rs4748734,10,20921609.0,371402.0,2.61e-08,-,ENSG00000078114,NEBL,0.5885626077651978,GCST007432,FEV1,EFO_0004314,PMID:30804560,True
224,10_32101184_C_T,rs211401,10,32101184.0,44759.0,1.8100000000000002e-09,-,ENSG00000170759,KIF5B,0.590546727180481,GCST007432,FEV1,EFO_0004314,PMID:30804560,True
225,,,,,,,,ENSG00000165322,ARHGAP12,0.5615458488464355,GCST007432,FEV1,EFO_0004314,PMID:30804560,True
226,10_62077247_G_A,rs2393730,10,62077247.0,175563.0,5.33e-09,-,ENSG00000150347,ARID5B,0.7418583631515503,GCST007432,FEV1,EFO_0004314,PMID:30804560,True
227,10_62489411_C_T,rs7083350,10,62489411.0,115219.0,4.980000000000001e-09,+,ENSG00000138311,ZNF365,0.901904284954071,GCST007432,FEV1,EFO_0004314,PMID:30804560,True
228,10_63524843_T_C,rs10761781,10,63524843.0,2993.0,2.3100000000000003e-13,-,ENSG00000171988,JMJD1C,0.6333873271942139,GCST007432,FEV1,EFO_0004314,PMID:30804560,True
229,10_68199485_C_A,rs7079481,10,68199485.0,32628.0,3.241e-20,-,ENSG00000138347,MYPN,0.6788557767868042,GCST007432,FEV1,EFO_0004314,PMID:30804560,True
230,10_73765001_C_G,rs12413039,10,73765001.0,7275.0,3.1999999999999998e-21,+,,,,GCST007432,FEV1,EFO_0004314,PMID:30804560,True
231,10_76559121_A_C,rs2579762,10,76559121.0,1079248.0,6.197000000000001e-35,-,ENSG00000148655,LRMDA,0.6727248430252075,GCST007432,FEV1,EFO_0004314,PMID:30804560,True
232,10_79169036_G_A,rs1815314,10,79169036.0,100070.0,7.414999999999998e-11,+,ENSG00000108175,ZMIZ1,0.6762750744819641,GCST007432,FEV1,EFO_0004314,PMID:30804560,True
233,10_93140027_C_G,rs4918429,10,93140027.0,66552.0,7.405000000000001e-10,-,ENSG00000095596,CYP26A1,0.5200443863868713,GCST007432,FEV1,EFO_0004314,PMID:30804560,True
234,10_100687890_C_A,rs41310284,10,100687890.0,47506.0,3.093e-08,+,ENSG00000075891,PAX2,0.6154623627662659,GCST007432,FEV1,EFO_0004314,PMID:30804560,True
235,10_103879853_T_C,rs11191841,10,103879853.0,24269.0,6.21e-13,+,ENSG00000107960,STN1,0.5755013823509216,GCST007432,FEV1,EFO_0004314,PMID:30804560,True
236,10_110685904_G_A,rs10885017,10,110685904.0,41568.0,3.892e-09,+,ENSG00000203867,RBM20,0.7436313033103943,GCST007432,FEV1,EFO_0004314,PMID:30804560,True
237,10_121650142_G_A,rs7920688,10,121650142.0,51684.0,5.821e-10,+,ENSG00000066468,FGFR2,0.583012580871582,GCST007432,FEV1,EFO_0004314,PMID:30804560,True
238,10_122473399_C_A,rs80232578,10,122473399.0,14848.0,1.0760000000000002e-08,-,,,,GCST007432,FEV1,EFO_0004314,PMID:30804560,True
239,11_9057129_C_T,rs34191466,11,9057129.0,51841.0,1.159e-09,+,ENSG00000175356,SCUBE2,0.6727150082588196,GCST007432,FEV1,EFO_0004314,PMID:30804560,True
240,11_12682014_T_G,rs7937898,11,12682014.0,7593.0,1.7880000000000002e-10,-,ENSG00000187079,TEAD1,0.7583615779876709,GCST007432,FEV1,EFO_0004314,PMID:30804560,True
241,11_13146201_A_T,rs2896630,11,13146201.0,130451.0,1.468e-08,-,,,,GCST007432,FEV1,EFO_0004314,PMID:30804560,True
242,11_32472829_G_A,rs149333984,11,32472829.0,37265.0,1.641e-09,+,ENSG00000184937,WT1,0.7244482636451721,GCST007432,FEV1,EFO_0004314,PMID:30804560,True
243,11_43671560_G_A,rs35060985,11,43671560.0,9120.0,1.24e-13,-,ENSG00000149084,HSD17B12,0.6863141655921936,GCST007432,FEV1,EFO_0004314,PMID:30804560,True
244,11_45223352_C_G,rs10838435,11,45223352.0,62989.0,1.456e-10,-,ENSG00000019485,PRDM11,0.7766352891921997,GCST007432,FEV1,EFO_0004314,PMID:30804560,True
245,11_58185246_C_G,rs2167356,11,58185246.0,3824.0,3.118e-08,+,,,,GCST007432,FEV1,EFO_0004314,PMID:30804560,True
246,11_61931016_C_G,rs7928792,11,61931016.0,10747.0,3.135e-10,+,,,,GCST007432,FEV1,EFO_0004314,PMID:30804560,True
247,11_62594821_A_G,rs11231154,11,62594821.0,3184.0,1.9310000000000007e-27,+,ENSG00000149499,EML3,0.5195934176445007,GCST007432,FEV1,EFO_0004314,PMID:30804560,True
248,11_66562168_G_A,rs77239910,11,66562168.0,6711.0,6.849000000000001e-10,+,,,,GCST007432,FEV1,EFO_0004314,PMID:30804560,True
249,11_68951815_T_C,rs6591361,11,68951815.0,29171.0,2.514e-08,+,,,,GCST007432,FEV1,EFO_0004314,PMID:30804560,True
250,11_73325134_C_T,rs2027761,11,73325134.0,16858.0,2.5e-14,+,ENSG00000110237,ARHGEF17,0.7293471097946167,GCST007432,FEV1,EFO_0004314,PMID:30804560,True
251,11_86733719_A_G,rs117261012,11,86733719.0,57340.0,1.01e-13,-,ENSG00000150687,PRSS23,0.6246944069862366,GCST007432,FEV1,EFO_0004314,PMID:30804560,True
252,,,,,,,,ENSG00000151376,ME3,0.5383284091949463,GCST007432,FEV1,EFO_0004314,PMID:30804560,True
253,11_126034685_T_C,rs79864933,11,126034685.0,28650.0,3.322e-08,-,ENSG00000064309,CDON,0.7723722457885742,GCST007432,FEV1,EFO_0004314,PMID:30804560,True
254,11_126158822_T_C,rs563519,11,126158822.0,52870.0,1.124e-11,-,,,,GCST007432,FEV1,EFO_0004314,PMID:30804560,True
255,11_130435710_A_G,rs4936101,11,130435710.0,7101.0,7.791999999999998e-09,-,ENSG00000134917,ADAMTS8,0.6125998497009277,GCST007432,FEV1,EFO_0004314,PMID:30804560,True
256,11_132026519_G_A,rs1940585,11,132026519.0,656041.0,2.929e-08,+,ENSG00000182667,NTM,0.6312497854232788,GCST007432,FEV1,EFO_0004314,PMID:30804560,True
257,12_2799164_C_A,rs56196860,12,2799164.0,4194.0,7.818999999999998e-11,-,ENSG00000004478,FKBP4,0.8227160573005676,GCST007432,FEV1,EFO_0004314,PMID:30804560,True
258,12_3251780_G_T,rs12371422,12,3251780.0,129569.0,3.873e-09,-,ENSG00000011105,TSPAN9,0.5939435958862305,GCST007432,FEV1,EFO_0004314,PMID:30804560,True
259,12_4134583_T_C,rs12811814,12,4134583.0,135188.0,2.573e-10,-,,,,GCST007432,FEV1,EFO_0004314,PMID:30804560,True
260,12_15124179_T_C,rs7306438,12,15124179.0,151137.0,7.749e-09,+,ENSG00000134533,RERG,0.6161404252052307,GCST007432,FEV1,EFO_0004314,PMID:30804560,True
261,12_20249533_A_G,rs676274,12,20249533.0,119004.0,2.4670000000000003e-09,-,,,,GCST007432,FEV1,EFO_0004314,PMID:30804560,True
262,12_27862037_G_T,rs10492367,12,27862037.0,81801.0,7.870000000000001e-10,+,ENSG00000205693,MANSC4,0.6505999565124512,GCST007432,FEV1,EFO_0004314,PMID:30804560,True
263,,,,,,,,ENSG00000087448,KLHL42,0.6219561696052551,GCST007432,FEV1,EFO_0004314,PMID:30804560,True
264,12_28435309_T_C,rs7977418,12,28435309.0,302060.0,1.415e-43,-,ENSG00000123106,CCDC91,0.65235835313797,GCST007432,FEV1,EFO_0004314,PMID:30804560,True
265,12_28687959_A_G,rs12313454,12,28687959.0,461057.0,6.545e-12,+,,,,GCST007432,FEV1,EFO_0004314,PMID:30804560,True
266,12_30661587_G_A,rs10771754,12,30661587.0,34282.0,1.995e-11,+,ENSG00000133704,IPO8,0.5744295120239258,GCST007432,FEV1,EFO_0004314,PMID:30804560,True
267,12_46397505_T_C,rs10748447,12,46397505.0,24732.0,3.542e-08,+,,,,GCST007432,FEV1,EFO_0004314,PMID:30804560,True
268,12_47962326_A_G,rs4760673,12,47962326.0,1243.0,9.148999999999999e-10,-,,,,GCST007432,FEV1,EFO_0004314,PMID:30804560,True
269,12_56041628_G_A,rs705704,12,56041628.0,277.0,3.941e-10,-,,,,GCST007432,FEV1,EFO_0004314,PMID:30804560,True
270,12_65399373_G_C,rs12825748,12,65399373.0,120730.0,6.0000000000000005e-15,+,ENSG00000174099,MSRB3,0.830392062664032,GCST007432,FEV1,EFO_0004314,PMID:30804560,True
271,12_65652178_G_A,rs4762116,12,65652178.0,172282.0,7.517999999999998e-12,+,,,,GCST007432,FEV1,EFO_0004314,PMID:30804560,True
272,12_66007664_A_G,rs11175997,12,66007664.0,123086.0,1.129e-16,-,,,,GCST007432,FEV1,EFO_0004314,PMID:30804560,True
273,12_69474630_A_C,rs10444582,12,69474630.0,4281.0,1.2530000000000002e-10,-,ENSG00000166225,FRS2,0.7569214105606079,GCST007432,FEV1,EFO_0004314,PMID:30804560,True
274,12_85277674_C_T,rs4074726,12,85277674.0,2546.0,7.065000000000001e-09,+,ENSG00000180318,ALX1,0.7947636842727661,GCST007432,FEV1,EFO_0004314,PMID:30804560,True
275,12_102444350_G_A,rs11111274,12,102444350.0,37394.0,1.3320000000000002e-09,-,ENSG00000017427,IGF1,0.8665944933891296,GCST007432,FEV1,EFO_0004314,PMID:30804560,True
276,12_114241063_A_G,rs2162319,12,114241063.0,167379.0,9.280000000000002e-17,+,ENSG00000089225,TBX5,0.6058923006057739,GCST007432,FEV1,EFO_0004314,PMID:30804560,True
277,12_114747132_T_A,rs7979951,12,114747132.0,62957.0,1.3e-14,+,ENSG00000135111,TBX3,0.7761348485946655,GCST007432,FEV1,EFO_0004314,PMID:30804560,True
278,12_115063322_G_A,rs35505,12,115063322.0,379147.0,1.3e-14,+,,,,GCST007432,FEV1,EFO_0004314,PMID:30804560,True
279,12_115512422_C_T,rs1874903,12,115512422.0,765271.0,2.201e-09,+,,,,GCST007432,FEV1,EFO_0004314,PMID:30804560,True
280,12_123251537_G_T,rs10773000,12,123251537.0,7523.0,2.633e-08,-,,,,GCST007432,FEV1,EFO_0004314,PMID:30804560,True
281,13_50132951_G_C,rs2812208,13,50132951.0,117697.0,4.900000000000001e-14,+,ENSG00000123179,EBPL,0.5229064226150513,GCST007432,FEV1,EFO_0004314,PMID:30804560,True
282,13_71126275_G_A,rs2875610,13,71126275.0,740929.0,6.480000000000001e-16,+,ENSG00000276644,DACH1,0.5451847314834595,GCST007432,FEV1,EFO_0004314,PMID:30804560,True
283,13_79893100_C_T,rs4885681,13,79893100.0,411945.0,1.8269999999999998e-12,+,,,,GCST007432,FEV1,EFO_0004314,PMID:30804560,True
284,14_74348536_C_T,rs2286425,14,74348536.0,45467.0,3.3e-14,-,ENSG00000133980,VRTN,0.8489784002304077,GCST007432,FEV1,EFO_0004314,PMID:30804560,True
285,14_74460029_C_A,rs78274255,14,74460029.0,33727.0,1.376e-09,+,,,,GCST007432,FEV1,EFO_0004314,PMID:30804560,True
286,14_92044063_G_A,rs55951163,14,92044063.0,3167.0,4.55e-13,+,,,,GCST007432,FEV1,EFO_0004314,PMID:30804560,True
287,14_92620573_A_G,rs8010344,14,92620573.0,106792.0,2.0729999999999997e-29,+,ENSG00000100599,RIN3,0.8987262845039368,GCST007432,FEV1,EFO_0004314,PMID:30804560,True
288,14_93037041_T_C,rs12894780,14,93037041.0,79279.0,1.523e-11,-,ENSG00000100605,ITPK1,0.8098028302192688,GCST007432,FEV1,EFO_0004314,PMID:30804560,True
289,14_104752139_A_G,rs8006310,14,104752139.0,1008.0,4.742e-09,-,,,,GCST007432,FEV1,EFO_0004314,PMID:30804560,True
290,15_37861180_C_A,rs8030071,15,37861180.0,60759.0,1.948e-08,+,ENSG00000166069,TMCO5A,0.6458905339241028,GCST007432,FEV1,EFO_0004314,PMID:30804560,True
291,15_40424054_G_C,rs2304645,15,40424054.0,15667.0,2.926e-11,-,,,,GCST007432,FEV1,EFO_0004314,PMID:30804560,True
292,15_49665102_C_T,rs731052,15,49665102.0,44065.0,2.0579999999999999e-16,+,,,,GCST007432,FEV1,EFO_0004314,PMID:30804560,True
293,15_51349799_C_G,rs2445772,15,51349799.0,8144.0,1.4630000000000004e-09,+,,,,GCST007432,FEV1,EFO_0004314,PMID:30804560,True
294,15_71387741_G_T,rs8033889,15,71387741.0,290789.0,7.081000000000001e-27,-,ENSG00000187720,THSD4,0.8558645248413086,GCST007432,FEV1,EFO_0004314,PMID:30804560,True
295,15_71512667_C_T,rs7183859,15,71512667.0,279971.0,1.161e-11,-,ENSG00000187720,THSD4,0.746128499507904,GCST007432,FEV1,EFO_0004314,PMID:30804560,True
296,15_78533838_G_A,rs931794,15,78533838.0,6567.0,1.6309999999999996e-20,+,ENSG00000188266,HYKK,0.6383662223815918,GCST007432,FEV1,EFO_0004314,PMID:30804560,True
297,15_82845847_A_G,rs7182990,15,82845847.0,36219.0,3.298e-16,+,,,,GCST007432,FEV1,EFO_0004314,PMID:30804560,True
298,15_83605839_G_A,rs1896797,15,83605839.0,48249.0,1.588e-20,+,ENSG00000140600,SH3GL3,0.7206020951271057,GCST007432,FEV1,EFO_0004314,PMID:30804560,True
299,15_83839469_A_C,rs118134155,15,83839469.0,185381.0,1.52e-12,+,ENSG00000156218,ADAMTSL3,0.7919803857803345,GCST007432,FEV1,EFO_0004314,PMID:30804560,True
300,16_3533173_C_T,rs3751837,16,3533173.0,32197.0,6.347000000000001e-17,-,,,,GCST007432,FEV1,EFO_0004314,PMID:30804560,True
301,16_8569748_C_T,rs7198383,16,8569748.0,20763.0,6.779e-10,+,ENSG00000232258,TMEM114,0.8743263483047485,GCST007432,FEV1,EFO_0004314,PMID:30804560,True
302,16_28814728_C_T,rs28472312,16,28814728.0,8271.0,1.17e-09,-,,,,GCST007432,FEV1,EFO_0004314,PMID:30804560,True
303,16_30957268_C_T,rs4889599,16,30957268.0,486.0,2.431e-20,+,,,,GCST007432,FEV1,EFO_0004314,PMID:30804560,True
304,16_50155018_G_A,rs76219171,16,50155018.0,2107.0,1.2640000000000001e-08,-,ENSG00000121274,TENT4B,0.5548830032348633,GCST007432,FEV1,EFO_0004314,PMID:30804560,True
305,16_52164234_C_T,rs9889099,16,52164234.0,383568.0,4.924000000000001e-09,+,,,,GCST007432,FEV1,EFO_0004314,PMID:30804560,True
306,16_69894736_G_A,rs11642008,16,69894736.0,55969.0,7.073e-19,-,ENSG00000198373,WWP2,0.5064302086830139,GCST007432,FEV1,EFO_0004314,PMID:30804560,True
307,16_75413495_T_G,rs6564259,16,75413495.0,20008.0,6.295000000000002e-22,-,,,,GCST007432,FEV1,EFO_0004314,PMID:30804560,True
308,16_78191736_A_G,rs2345443,16,78191736.0,92336.0,3.033e-18,-,ENSG00000186153,WWOX,0.8975549936294556,GCST007432,FEV1,EFO_0004314,PMID:30804560,True
309,16_79143364_A_C,rs12449061,16,79143364.0,457373.0,1.819e-09,+,ENSG00000186153,WWOX,0.5442744493484497,GCST007432,FEV1,EFO_0004314,PMID:30804560,True
310,16_86545617_C_A,rs6539952,16,86545617.0,9618.0,3.5000000000000003e-10,-,ENSG00000103248,MTHFSD,0.5107781887054443,GCST007432,FEV1,EFO_0004314,PMID:30804560,True
311,16_88746652_C_T,rs78579285,16,88746652.0,38568.0,1.847e-11,-,ENSG00000103335,PIEZO1,0.6478723287582397,GCST007432,FEV1,EFO_0004314,PMID:30804560,True
312,17_6573534_G_T,rs1867236,17,6573534.0,16979.0,5.957e-09,-,,,,GCST007432,FEV1,EFO_0004314,PMID:30804560,True
313,17_7545140_C_G,rs4968200,17,7545140.0,3368.0,4.538e-11,+,,,,GCST007432,FEV1,EFO_0004314,PMID:30804560,True
314,17_16003078_T_C,rs11078321,17,16003078.0,3294.0,4.746000000000001e-09,-,,,,GCST007432,FEV1,EFO_0004314,PMID:30804560,True
315,17_30936682_C_T,rs8067252,17,30936682.0,30338.0,1.2589999999999999e-11,+,ENSG00000176208,ATAD5,0.6054523587226868,GCST007432,FEV1,EFO_0004314,PMID:30804560,True
316,,,,,,,,ENSG00000176390,CRLF3,0.5377652049064636,GCST007432,FEV1,EFO_0004314,PMID:30804560,True
317,17_38708700_G_A,rs11657029,17,38708700.0,3427.0,1.386e-16,-,ENSG00000275023,MLLT6,0.5208262205123901,GCST007432,FEV1,EFO_0004314,PMID:30804560,True
318,17_39348680_T_C,rs8069451,17,39348680.0,53843.0,2.2490000000000002e-12,-,,,,GCST007432,FEV1,EFO_0004314,PMID:30804560,True
319,17_46028854_A_G,rs79772576,17,46028854.0,29604.0,5.1249999999999994e-49,-,,,,GCST007432,FEV1,EFO_0004314,PMID:30804560,True
320,17_48470019_A_G,rs7211143,17,48470019.0,39744.0,2e-15,+,,,,GCST007432,FEV1,EFO_0004314,PMID:30804560,True
321,17_48596256_G_A,rs61585154,17,48596256.0,2477.0,9.84e-13,+,,,,GCST007432,FEV1,EFO_0004314,PMID:30804560,True
322,17_56120936_T_A,rs17819973,17,56120936.0,238635.0,3.9260000000000005e-18,+,ENSG00000153930,ANKFN1,0.7593284845352173,GCST007432,FEV1,EFO_0004314,PMID:30804560,True
323,17_56699494_T_A,rs227728,17,56699494.0,105795.0,9.646999999999999e-11,-,ENSG00000183691,NOG,0.7271603345870972,GCST007432,FEV1,EFO_0004314,PMID:30804560,True
324,17_61419288_T_C,rs2079795,17,61419288.0,19445.0,7.345e-12,+,ENSG00000121068,TBX2,0.583503782749176,GCST007432,FEV1,EFO_0004314,PMID:30804560,True
325,17_71205670_A_G,rs6501455,17,71205670.0,915350.0,1.2759999999999997e-36,-,,,,GCST007432,FEV1,EFO_0004314,PMID:30804560,True
326,17_75474532_T_G,rs62091797,17,75474532.0,33373.0,5.5e-14,+,,,,GCST007432,FEV1,EFO_0004314,PMID:30804560,True
327,17_79188837_C_A,rs1380796,17,79188837.0,114013.0,2.277e-08,+,,,,GCST007432,FEV1,EFO_0004314,PMID:30804560,True
328,17_81948340_T_C,rs34500422,17,81948340.0,1107.0,1.706e-12,+,,,,GCST007432,FEV1,EFO_0004314,PMID:30804560,True
329,18_210698_T_C,rs55916581,18,210698.0,52315.0,1.1180000000000002e-08,+,ENSG00000079134,THOC1,0.5386777520179749,GCST007432,FEV1,EFO_0004314,PMID:30804560,True
330,18_8800725_T_C,rs631126,18,8800725.0,95169.0,1.491e-24,+,ENSG00000168502,MTCL1,0.8194528818130493,GCST007432,FEV1,EFO_0004314,PMID:30804560,True
331,18_10078074_G_A,rs8089099,18,10078074.0,164058.0,4.354e-10,+,,,,GCST007432,FEV1,EFO_0004314,PMID:30804560,True
332,18_22452891_A_C,rs4800410,18,22452891.0,34976.0,1.2509999999999995e-16,+,ENSG00000212710,CTAGE1,0.7235239148139954,GCST007432,FEV1,EFO_0004314,PMID:30804560,True
333,18_23155497_T_G,rs4308051,18,23155497.0,20933.0,1.324e-12,-,ENSG00000134508,CABLES1,0.7167808413505554,GCST007432,FEV1,EFO_0004314,PMID:30804560,True
334,18_24710747_T_C,rs1668091,18,24710747.0,250110.0,4.871000000000001e-10,+,,,,GCST007432,FEV1,EFO_0004314,PMID:30804560,True
335,18_45247933_C_T,rs9807668,18,45247933.0,34938.0,1.39e-13,+,ENSG00000132874,SLC14A2,0.8928880095481873,GCST007432,FEV1,EFO_0004314,PMID:30804560,True
336,18_55840828_G_A,rs8095075,18,55840828.0,176041.0,1.0720000000000001e-08,+,ENSG00000196628,TCF4,0.6666747331619263,GCST007432,FEV1,EFO_0004314,PMID:30804560,True
337,19_5983368_A_G,rs552320,19,5983368.0,5226.0,7.974999999999998e-11,+,,,,GCST007432,FEV1,EFO_0004314,PMID:30804560,True
338,19_10705379_C_T,rs8113618,19,10705379.0,3949.0,1.365e-10,-,ENSG00000213339,QTRT1,0.5368599891662598,GCST007432,FEV1,EFO_0004314,PMID:30804560,True
339,19_31336792_A_G,rs2909,19,31336792.0,12644.0,1.4889999999999997e-11,-,ENSG00000121297,TSHZ3,0.9000696539878845,GCST007432,FEV1,EFO_0004314,PMID:30804560,True
340,19_46561890_C_T,rs4803981,19,46561890.0,39184.0,9.498e-09,-,,,,GCST007432,FEV1,EFO_0004314,PMID:30804560,True
341,20_6645571_G_A,rs2145272,20,6645571.0,122115.0,5.284e-17,+,ENSG00000125845,BMP2,0.7071050405502319,GCST007432,FEV1,EFO_0004314,PMID:30804560,True
342,20_10764897_G_C,rs6032942,20,10764897.0,90898.0,3.474e-10,+,ENSG00000101384,JAG1,0.6302675008773804,GCST007432,FEV1,EFO_0004314,PMID:30804560,True
343,20_13546610_C_T,rs6042211,20,13546610.0,92322.0,3.88e-09,+,ENSG00000089123,TASP1,0.6694085597991943,GCST007432,FEV1,EFO_0004314,PMID:30804560,True
344,20_25271525_C_T,rs2281559,20,25271525.0,23440.0,1.101e-12,-,ENSG00000100994,PYGB,0.6041956543922424,GCST007432,FEV1,EFO_0004314,PMID:30804560,True
345,20_31654362_C_A,rs6088908,20,31654362.0,16450.0,1.9190000000000002e-08,-,,,,GCST007432,FEV1,EFO_0004314,PMID:30804560,True
346,20_32454373_C_T,rs1737889,20,32454373.0,96043.0,2.0139999999999997e-08,-,,,,GCST007432,FEV1,EFO_0004314,PMID:30804560,True
347,20_35086657_T_C,rs6120828,20,35086657.0,6150.0,5.1509999999999985e-12,-,,,,GCST007432,FEV1,EFO_0004314,PMID:30804560,True
348,20_44169233_G_A,rs6103666,20,44169233.0,17955.0,4.828e-12,-,ENSG00000149596,JPH2,0.7462745308876038,GCST007432,FEV1,EFO_0004314,PMID:30804560,True
349,20_46858732_G_C,rs6066089,20,46858732.0,35892.0,3.389000000000001e-18,+,ENSG00000064655,EYA2,0.8108370304107666,GCST007432,FEV1,EFO_0004314,PMID:30804560,True
350,20_62475466_G_C,rs200383755,20,62475466.0,529.0,9.699999999999999e-14,-,ENSG00000130700,GATA5,0.8539635539054871,GCST007432,FEV1,EFO_0004314,PMID:30804560,True
351,20_63711116_G_A,rs3761123,20,63711116.0,3091.0,1.358e-26,-,,,,GCST007432,FEV1,EFO_0004314,PMID:30804560,True
352,21_34709150_G_T,rs11702251,21,34709150.0,40156.0,9.748e-10,-,ENSG00000159212,CLIC6,0.8000379204750061,GCST007432,FEV1,EFO_0004314,PMID:30804560,True
353,22_17874743_T_C,rs72490631,22,17874743.0,99973.0,3.519e-16,-,ENSG00000243156,MICAL3,0.6540203094482422,GCST007432,FEV1,EFO_0004314,PMID:30804560,True
354,22_17951272_C_G,rs35972244,22,17951272.0,73289.0,1.973e-27,+,ENSG00000243156,MICAL3,0.8224977850914001,GCST007432,FEV1,EFO_0004314,PMID:30804560,True
355,22_20436436_C_G,rs9610955,22,20436436.0,1390.0,6.935999999999998e-11,+,ENSG00000244486,SCARF2,0.7265532612800598,GCST007432,FEV1,EFO_0004314,PMID:30804560,True
356,22_27785411_C_T,rs2283847,22,27785411.0,16345.0,2e-15,-,,,,GCST007432,FEV1,EFO_0004314,PMID:30804560,True
357,22_30195835_C_T,rs5763878,22,30195835.0,50924.0,1.633e-19,-,,,,GCST007432,FEV1,EFO_0004314,PMID:30804560,True
358,22_31079455_C_T,rs116894149,22,31079455.0,15350.0,6.663000000000002e-10,-,,,,GCST007432,FEV1,EFO_0004314,PMID:30804560,True
359,22_40485399_G_A,rs3827382,22,40485399.0,114808.0,1.855e-08,-,ENSG00000196588,MRTFA,0.5797099471092224,GCST007432,FEV1,EFO_0004314,PMID:30804560,True
360,22_50429282_C_T,rs113111175,22,50429282.0,52261.0,1.1060000000000001e-09,+,,,,GCST007432,FEV1,EFO_0004314,PMID:30804560,True
0,15_78513681_T_C,rs8034191,15,78513681.0,6117.0,3.0000000000000004e-09,,ENSG00000169684,CHRNA5,0.5919455289840698,GCST003266,Pre bronchodilator FEV1,EFO_0004314,PMID:26634245,False
1,15_78533838_G_A,rs931794,15,78533838.0,6567.0,4e-09,,ENSG00000169684,CHRNA5,0.6445228457450867,GCST003266,Pre bronchodilator FEV1,EFO_0004314,PMID:26634245,False
2,15_78559273_G_A,rs2036527,15,78559273.0,6247.0,2e-09,,ENSG00000169684,CHRNA5,0.654358446598053,GCST003266,Pre bronchodilator FEV1,EFO_0004314,PMID:26634245,False
3,15_78586199_G_A,rs951266,15,78586199.0,20679.0,2e-09,,ENSG00000169684,CHRNA5,0.6629728674888611,GCST003266,Pre bronchodilator FEV1,EFO_0004314,PMID:26634245,False
4,15_78590583_G_A,rs16969968,15,78590583.0,25063.0,2e-09,,ENSG00000169684,CHRNA5,0.6739534139633179,GCST003266,Pre bronchodilator FEV1,EFO_0004314,PMID:26634245,False
5,15_78601997_G_A,rs1051730,15,78601997.0,19298.0,2e-09,,ENSG00000169684,CHRNA5,0.6370813250541687,GCST003266,Pre bronchodilator FEV1,EFO_0004314,PMID:26634245,False
6,15_78606381_C_T,rs12914385,15,78606381.0,14914.0,2e-10,,ENSG00000169684,CHRNA5,0.5822153687477112,GCST003266,Pre bronchodilator FEV1,EFO_0004314,PMID:26634245,False
7,15_78618839_T_C,rs8040868,15,78618839.0,2456.0,4e-11,,,,,GCST003266,Pre bronchodilator FEV1,EFO_0004314,PMID:26634245,False
0,4_105897896_G_A,rs34712979,4,105897896.0,1910.0,1e-08,+,ENSG00000168743,NPNT,0.8022668361663818,GCST008659,Lung function in heavy smokers (low FEV1 vs high FEV1),EFO_0004314,PMID:26423011,False
1,5_148457317_C_T,rs12374521,5,148457317.0,73382.0,5e-09,+,,,,GCST008659,Lung function in heavy smokers (low FEV1 vs high FEV1),EFO_0004314,PMID:26423011,False
0,4_105897896_G_A,rs34712979,4,105897896.0,1910.0,3.0000000000000004e-08,,ENSG00000168743,NPNT,0.8022668361663818,GCST008663,Lung function in never smokers (low FEV1 vs average FEV1),EFO_0004314,PMID:26423011,False
0,2_136064308_GC_G,rs35337335,2,136064308.0,54869.0,4e-09,+,,,,GCST008664,Lung function (low FEV1 vs high FEV1),EFO_0004314,PMID:26423011,False
1,2_217818431_A_G,rs2571445,2,217818431.0,215551.0,3.0000000000000004e-08,-,ENSG00000079308,TNS1,0.714797854423523,GCST008664,Lung function (low FEV1 vs high FEV1),EFO_0004314,PMID:26423011,False
2,3_57884263_G_T,rs7652294,3,57884263.0,124135.0,3.0000000000000004e-08,-,,,,GCST008664,Lung function (low FEV1 vs high FEV1),EFO_0004314,PMID:26423011,False
3,4_105897896_G_A,rs34712979,4,105897896.0,1910.0,2.9999999999999997e-20,+,ENSG00000168743,NPNT,0.7891411185264587,GCST008664,Lung function (low FEV1 vs high FEV1),EFO_0004314,PMID:26423011,False
4,4_144549452_T_C,rs6828982,4,144549452.0,96704.0,2e-13,-,ENSG00000164161,HHIP,0.5488709211349487,GCST008664,Lung function (low FEV1 vs high FEV1),EFO_0004314,PMID:26423011,False
5,5_148476829_A_G,rs7715901,5,148476829.0,92894.0,9e-11,-,,,,GCST008664,Lung function (low FEV1 vs high FEV1),EFO_0004314,PMID:26423011,False
6,6_27638937_C_T,rs13212093,6,27638937.0,165819.0,4.9999999999999995e-11,+,,,,GCST008664,Lung function (low FEV1 vs high FEV1),EFO_0004314,PMID:26423011,False
7,6_31872638_T_C,rs9267653,6,31872638.0,6408.0,4e-09,+,ENSG00000204385,SLC44A4,0.6964564919471741,GCST008664,Lung function (low FEV1 vs high FEV1),EFO_0004314,PMID:26423011,False
8,10_76555466_G_A,rs11001819,10,76555466.0,1082903.0,1e-08,-,ENSG00000148655,LRMDA,0.56327885389328,GCST008664,Lung function (low FEV1 vs high FEV1),EFO_0004314,PMID:26423011,False
9,20_6642727_T_C,rs979012,20,6642727.0,124959.0,5e-08,-,ENSG00000125845,BMP2,0.5486165881156921,GCST008664,Lung function (low FEV1 vs high FEV1),EFO_0004314,PMID:26423011,False
10,22_17967521_A_T,rs11704827,22,17967521.0,57040.0,2e-09,,ENSG00000243156,MICAL3,0.8287242650985718,GCST008664,Lung function (low FEV1 vs high FEV1),EFO_0004314,PMID:26423011,False
0,4_105215876_G_A,rs2047409,4,105215876.0,70001.0,1e-08,+,ENSG00000168769,TET2,0.9089071154594421,GCST008662,Lung function in never smokers (low FEV1 vs high FEV1),EFO_0004314,PMID:26423011,False
1,4_105818436_G_T,rs10516528,4,105818436.0,76339.0,2e-11,,,,,GCST008662,Lung function in never smokers (low FEV1 vs high FEV1),EFO_0004314,PMID:26423011,False
2,4_105897896_G_A,rs34712979,4,105897896.0,1910.0,1e-15,+,ENSG00000168743,NPNT,0.7891411185264587,GCST008662,Lung function in never smokers (low FEV1 vs high FEV1),EFO_0004314,PMID:26423011,False
3,4_144551492_A_G,rs13107665,4,144551492.0,94664.0,8e-10,-,ENSG00000164161,HHIP,0.5587228536605835,GCST008662,Lung function in never smokers (low FEV1 vs high FEV1),EFO_0004314,PMID:26423011,False
4,6_27523520_G_A,rs6904596,6,27523520.0,50402.0,1e-08,+,,,,GCST008662,Lung function in never smokers (low FEV1 vs high FEV1),EFO_0004314,PMID:26423011,False
5,17_46262107_A_G,rs2532349,17,46262107.0,30626.0,2e-10,+,,,,GCST008662,Lung function in never smokers (low FEV1 vs high FEV1),EFO_0004314,PMID:26423011,False
6,17_75517104_C_A,rs7218675,17,75517104.0,1160.0,1e-08,+,,,,GCST008662,Lung function in never smokers (low FEV1 vs high FEV1),EFO_0004314,PMID:26423011,False
0,1_218679929_G_A,rs28610018,1,218679929.0,334593.0,5e-10,+,,,,GCST90054783,Lung function (FEV1),EFO_0004314,PMID:33766948,False
1,1_221031171_A_T,rs6696174,1,221031171.0,151740.0,3.0000000000000004e-08,,ENSG00000136630,HLX,0.7175232768058777,GCST90054783,Lung function (FEV1),EFO_0004314,PMID:33766948,False
2,2_42426355_C_T,rs222482,2,42426355.0,1267.0,5e-08,+,ENSG00000115944,COX7A2L,0.5859147906303406,GCST90054783,Lung function (FEV1),EFO_0004314,PMID:33766948,False
3,2_42465482_G_A,rs112952987,2,42465482.0,28500.0,3.0000000000000004e-08,-,ENSG00000171126,KCNG3,0.8249728083610535,GCST90054783,Lung function (FEV1),EFO_0004314,PMID:33766948,False
4,2_102592151_A_G,rs1861229,2,102592151.0,27402.0,3.0000000000000004e-08,-,,,,GCST90054783,Lung function (FEV1),EFO_0004314,PMID:33766948,False
5,3_57759311_C_T,rs4269057,3,57759311.0,3861.0,4e-08,+,,,,GCST90054783,Lung function (FEV1),EFO_0004314,PMID:33766948,False
6,4_144339343_G_T,rs7661046,4,144339343.0,198592.0,9e-10,+,,,,GCST90054783,Lung function (FEV1),EFO_0004314,PMID:33766948,False
7,4_144513592_A_G,rs1032297,4,144513592.0,132564.0,1e-08,+,ENSG00000164161,HHIP,0.668822705745697,GCST90054783,Lung function (FEV1),EFO_0004314,PMID:33766948,False
8,5_44201384_A_G,rs117331805,5,44201384.0,188322.0,4e-15,+,ENSG00000070193,FGF10,0.6273781657218933,GCST90054783,Lung function (FEV1),EFO_0004314,PMID:33766948,False
9,5_44368404_T_C,rs1482675,5,44368404.0,21302.0,5.999999999999999e-21,-,ENSG00000070193,FGF10,0.8658711314201355,GCST90054783,Lung function (FEV1),EFO_0004314,PMID:33766948,False
10,5_148476829_A_G,rs7715901,5,148476829.0,92894.0,6e-11,+,,,,GCST90054783,Lung function (FEV1),EFO_0004314,PMID:33766948,False
11,6_142239820_A_G,rs9385988,6,142239820.0,62034.0,7.000000000000001e-09,+,ENSG00000009844,VTA1,0.6381309628486633,GCST90054783,Lung function (FEV1),EFO_0004314,PMID:33766948,False
12,7_18196884_C_G,rs1528683,7,18196884.0,109935.0,4e-13,,ENSG00000048052,HDAC9,0.8555991649627686,GCST90054783,Lung function (FEV1),EFO_0004314,PMID:33766948,False
13,7_100414956_A_C,rs60738304,7,100414956.0,13366.0,1e-08,+,,,,GCST90054783,Lung function (FEV1),EFO_0004314,PMID:33766948,False
14,10_63419398_T_A,rs10761761,10,63419398.0,102003.0,2e-08,,,,,GCST90054783,Lung function (FEV1),EFO_0004314,PMID:33766948,False
15,12_69574082_G_A,rs547497,12,69574082.0,11344.0,3.0000000000000004e-08,-,ENSG00000166225,FRS2,0.5733457803726196,GCST90054783,Lung function (FEV1),EFO_0004314,PMID:33766948,False
16,12_115050869_A_G,rs2193759,12,115050869.0,366694.0,3.0000000000000004e-08,-,ENSG00000135111,TBX3,0.518818736076355,GCST90054783,Lung function (FEV1),EFO_0004314,PMID:33766948,False
17,13_91792524_T_C,rs528366,13,91792524.0,393903.0,2e-08,+,ENSG00000179399,GPC5,0.7819438576698303,GCST90054783,Lung function (FEV1),EFO_0004314,PMID:33766948,False
18,15_51330260_C_T,rs77578670,15,51330260.0,8341.0,5e-08,+,ENSG00000137869,CYP19A1,0.8098437786102295,GCST90054783,Lung function (FEV1),EFO_0004314,PMID:33766948,False
19,15_83664020_T_C,rs1016355,15,83664020.0,9932.0,2e-08,+,ENSG00000156218,ADAMTSL3,0.8158968687057495,GCST90054783,Lung function (FEV1),EFO_0004314,PMID:33766948,False
20,17_30613989_A_T,rs142816786,17,30613989.0,136627.0,2e-08,,,,,GCST90054783,Lung function (FEV1),EFO_0004314,PMID:33766948,False
21,17_61208902_G_A,rs11651885,17,61208902.0,190941.0,3.0000000000000004e-08,-,,,,GCST90054783,Lung function (FEV1),EFO_0004314,PMID:33766948,False
22,22_20423776_A_G,rs738084,22,20423776.0,14050.0,2e-08,+,ENSG00000244486,SCARF2,0.7239574193954468,GCST90054783,Lung function (FEV1),EFO_0004314,PMID:33766948,False
0,1_204465799_T_G,rs12092943,1,204465799.0,29006.0,5e-08,+,ENSG00000133056,PIK3C2B,0.759671688079834,GCST006481,Lung function (FEV1),EFO_0004314,PMID:30061609,False
1,2_42128807_C_A,rs963406,2,42128807.0,40546.0,3.0000000000000004e-08,-,ENSG00000143924,EML4,0.7758274078369141,GCST006481,Lung function (FEV1),EFO_0004314,PMID:30061609,False
2,3_57508706_A_C,rs79294353,3,57508706.0,35638.0,5e-09,+,ENSG00000174844,DNAH12,0.8327283263206482,GCST006481,Lung function (FEV1),EFO_0004314,PMID:30061609,False
3,3_99096796_T_C,rs6778584,3,99096796.0,195101.0,5e-08,-,,,,GCST006481,Lung function (FEV1),EFO_0004314,PMID:30061609,False
4,4_145252888_C_A,rs111898810,4,145252888.0,72299.0,2e-08,-,,,,GCST006481,Lung function (FEV1),EFO_0004314,PMID:30061609,False
5,9_1574877_C_G,rs9407640,9,1574877.0,405413.0,5e-08,,,,,GCST006481,Lung function (FEV1),EFO_0004314,PMID:30061609,False
6,10_63156304_G_T,rs7897470,10,63156304.0,23057.0,1e-12,,,,,GCST006481,Lung function (FEV1),EFO_0004314,PMID:30061609,False
7,10_63327708_C_G,rs7899503,10,63327708.0,193693.0,9e-14,,,,,GCST006481,Lung function (FEV1),EFO_0004314,PMID:30061609,False
8,12_55996580_C_G,rs772920,12,55996580.0,600.0,2e-08,,,,,GCST006481,Lung function (FEV1),EFO_0004314,PMID:30061609,False
9,12_124745741_T_G,rs11057793,12,124745741.0,136927.0,5e-08,-,ENSG00000073060,SCARB1,0.6626042127609253,GCST006481,Lung function (FEV1),EFO_0004314,PMID:30061609,False
10,17_30760267_G_A,rs62070631,17,30760267.0,64425.0,3.0000000000000004e-08,+,,,,GCST006481,Lung function (FEV1),EFO_0004314,PMID:30061609,False
11,17_46770468_T_G,rs199525,17,46770468.0,62686.0,1e-09,-,,,,GCST006481,Lung function (FEV1),EFO_0004314,PMID:30061609,False
12,18_8801353_A_G,rs513953,18,8801353.0,95797.0,2e-08,+,ENSG00000168502,MTCL1,0.8896589279174805,GCST006481,Lung function (FEV1),EFO_0004314,PMID:30061609,False
13,18_22568568_C_T,rs7243351,18,22568568.0,150653.0,5e-08,+,,,,GCST006481,Lung function (FEV1),EFO_0004314,PMID:30061609,False
14,20_25688416_C_G,rs6138639,20,25688416.0,8437.0,3e-10,,,,,GCST006481,Lung function (FEV1),EFO_0004314,PMID:30061609,False
15,20_32454373_C_T,rs1737889,20,32454373.0,96043.0,4e-08,-,,,,GCST006481,Lung function (FEV1),EFO_0004314,PMID:30061609,False
0,10_73766241_A_G,rs3849969,10,73766241.0,6035.0,5e-12,-,,,,GCST012497,Lung function (FEV1),EFO_0004314,PMID:30175238,False
0,1_218414937_G_A,rs10863398,1,218414937.0,69601.0,1e-08,+,ENSG00000092969,TGFB2,0.8593236804008484,GCST003262,Post bronchodilator FEV1,EFO_0004314,PMID:26634245,False
2,4_88951941_A_G,rs6837671,4,88951941.0,159457.0,3.0000000000000003e-13,-,ENSG00000138640,FAM13A,0.6400725841522217,GCST003262,Post bronchodilator FEV1,EFO_0004314,PMID:26634245,False
4,4_144524627_A_T,rs138641402,4,144524627.0,121529.0,9.000000000000001e-15,,ENSG00000164161,HHIP,0.7378295660018921,GCST003262,Post bronchodilator FEV1,EFO_0004314,PMID:26634245,False
6,9_133640119_A_G,rs1108581,9,133640119.0,3756.0,9.000000000000001e-09,+,ENSG00000123454,DBH,0.6930177807807922,GCST003262,Post bronchodilator FEV1,EFO_0004314,PMID:26634245,False
8,15_78575140_A_C,rs17486278,15,78575140.0,9620.0,3.0000000000000002e-18,-,ENSG00000169684,CHRNA5,0.7541763186454773,GCST003262,Post bronchodilator FEV1,EFO_0004314,PMID:26634245,False
10,19_40840084_A_G,rs35755165,19,40840084.0,10363.0,2e-08,-,,,,GCST003262,Post bronchodilator FEV1,EFO_0004314,PMID:26634245,False
0,4_144515742_G_C,rs7697189,4,144515742.0,130414.0,3.0000000000000002e-15,-,ENSG00000164161,HHIP,0.7289649844169617,GCST90014240,Forced expiratory volume in 1 second x sex interaction,EFO_0004314,PMID:33728380,True
2,16_3091103_T_G,rs111893604,16,3091103.0,8192.0,4.0415599999999994e-08,-,ENSG00000130182,ZSCAN10,0.6184219717979431,GCST90014240,Forced expiratory volume in 1 second x sex interaction,EFO_0004314,PMID:33728380,True
0,2_231995613_A_G,rs73995038,2,231995613.0,34368.0,1e-15,,ENSG00000144535,DIS3L2,0.6170679330825806,GCST90054786,Lung function (FEV1) and body mass index [East Asian],EFO_0004314,PMID:33766948,False
2,5_140735758_C_T,rs801170,5,140735758.0,37078.0,9e-13,,,,,GCST90054786,Lung function (FEV1) and body mass index [East Asian],EFO_0004314,PMID:33766948,False
4,12_102442081_C_T,rs5742653,12,102442081.0,39663.0,2e-11,,ENSG00000017427,IGF1,0.8601693511009216,GCST90054786,Lung function (FEV1) and body mass index [East Asian],EFO_0004314,PMID:33766948,False
6,12_111419683_T_C,rs2078863,12,111419683.0,13760.0,5e-10,,,,,GCST90054786,Lung function (FEV1) and body mass index [East Asian],EFO_0004314,PMID:33766948,False
8,12_111681367_T_C,rs11066001,12,111681367.0,4589.0,2e-11,,ENSG00000089234,BRAP,0.6522098183631897,GCST90054786,Lung function (FEV1) and body mass index [East Asian],EFO_0004314,PMID:33766948,False
10,12_112189546_G_A,rs144504271,12,112189546.0,64008.0,2e-12,,ENSG00000173064,HECTD4,0.5179255604743958,GCST90054786,Lung function (FEV1) and body mass index [East Asian],EFO_0004314,PMID:33766948,False
0,12_111171923_G_T,rs3809297,12,111171923.0,137758.0,3e-11,,ENSG00000111249,CUX2,0.8373046517372131,GCST90054787,Lung function (FEV1) and waist to hip ratio adjusted for BMI [East Asian],EFO_0004314,PMID:33766948,False
2,12_111792215_G_C,rs4646776,12,111792215.0,25328.0,2e-17,,ENSG00000111275,ALDH2,0.8619666695594788,GCST90054787,Lung function (FEV1) and waist to hip ratio adjusted for BMI [East Asian],EFO_0004314,PMID:33766948,False
4,12_112492671_T_C,rs11066325,12,112492671.0,73833.0,5e-16,,ENSG00000179295,PTPN11,0.8603365421295166,GCST90054787,Lung function (FEV1) and waist to hip ratio adjusted for BMI [East Asian],EFO_0004314,PMID:33766948,False
6,15_51241858_T_C,rs7175531,15,51241858.0,96743.0,2e-12,,ENSG00000137869,CYP19A1,0.874891459941864,GCST90054787,Lung function (FEV1) and waist to hip ratio adjusted for BMI [East Asian],EFO_0004314,PMID:33766948,False
8,20_35348535_G_A,rs6142351,20,35348535.0,56110.0,5e-16,,ENSG00000101019,UQCC1,0.7696657776832581,GCST90054787,Lung function (FEV1) and waist to hip ratio adjusted for BMI [East Asian],EFO_0004314,PMID:33766948,False
0,1_149955122_A_C,rs12048493,1,149955122.0,18243.0,2e-10,,,,,GCST90054788,Lung function (FEV1) and waist circumference adjusted for BMI [East Asian],EFO_0004314,PMID:33766948,False
2,1_218458110_C_G,rs6604614,1,218458110.0,112774.0,1e-16,,ENSG00000092969,TGFB2,0.820551335811615,GCST90054788,Lung function (FEV1) and waist circumference adjusted for BMI [East Asian],EFO_0004314,PMID:33766948,False
4,2_231946908_A_G,rs16828537,2,231946908.0,14337.0,4e-19,,ENSG00000144535,DIS3L2,0.7032217383384705,GCST90054788,Lung function (FEV1) and waist circumference adjusted for BMI [East Asian],EFO_0004314,PMID:33766948,False
6,12_111891483_C_G,rs11066065,12,111891483.0,49255.0,2e-16,,ENSG00000089022,MAPKAPK5,0.674106776714325,GCST90054788,Lung function (FEV1) and waist circumference adjusted for BMI [East Asian],EFO_0004314,PMID:33766948,False
8,12_112492671_T_C,rs11066325,12,112492671.0,73833.0,5e-27,,ENSG00000179295,PTPN11,0.8603365421295166,GCST90054788,Lung function (FEV1) and waist circumference adjusted for BMI [East Asian],EFO_0004314,PMID:33766948,False
