,precision,recall,f1-score,accuracy,support,design,OOR_state_name
0,0.9347826086956522,0.9772727272727273,0.9555555555555557,0.9983851433185305,44,ACR,CD14_low_CD16_positive_monocyte
1,0.8780487804878049,0.972972972972973,0.923076923076923,0.9975777149777957,37,ACR,CD14_low_CD16_positive_monocyte
2,0.8936170212765957,1.0,0.9438202247191011,0.9979814291481631,42,ACR,CD14_low_CD16_positive_monocyte
3,0.9791666666666666,0.9591836734693877,0.9690721649484536,0.9987888574888979,49,ACR,CD14_low_CD16_positive_monocyte
4,0.925,1.0,0.961038961038961,0.9987888574888979,37,ACR,CD14_low_CD16_positive_monocyte
5,0.90625,0.9666666666666667,0.9354838709677419,0.9983851433185305,30,ACR,CD14_low_CD16_positive_monocyte
6,0.9772727272727273,0.9772727272727273,0.9772727272727273,0.9991925716592652,44,ACR,CD14_low_CD16_positive_monocyte
7,0.9574468085106383,1.0,0.9782608695652174,0.9991925716592652,45,ACR,CD14_low_CD16_positive_monocyte
8,0.9487179487179487,1.0,0.9736842105263158,0.9991925716592652,37,ACR,CD14_low_CD16_positive_monocyte
9,0.925,1.0,0.961038961038961,0.9987888574888979,37,ACR,CD14_low_CD16_positive_monocyte
0,0.9387755102040817,1.0,0.968421052631579,0.9987888574888979,46,AR,CD14_low_CD16_positive_monocyte
1,0.8918918918918919,0.9705882352941176,0.9295774647887325,0.9979814291481631,34,AR,CD14_low_CD16_positive_monocyte
2,0.8837209302325582,0.9743589743589743,0.9268292682926831,0.9975777149777957,39,AR,CD14_low_CD16_positive_monocyte
3,0.9772727272727273,0.9772727272727273,0.9772727272727273,0.9991925716592652,44,AR,CD14_low_CD16_positive_monocyte
4,0.9361702127659575,1.0,0.967032967032967,0.9987888574888979,44,AR,CD14_low_CD16_positive_monocyte
5,0.8787878787878788,0.9666666666666667,0.9206349206349207,0.9979814291481631,30,AR,CD14_low_CD16_positive_monocyte
6,0.9705882352941176,1.0,0.9850746268656716,0.9995962858296327,33,AR,CD14_low_CD16_positive_monocyte
7,0.9523809523809523,1.0,0.975609756097561,0.9991925716592652,40,AR,CD14_low_CD16_positive_monocyte
8,0.9555555555555556,1.0,0.9772727272727273,0.9991925716592652,43,AR,CD14_low_CD16_positive_monocyte
9,0.9302325581395349,0.975609756097561,0.9523809523809524,0.9983851433185305,41,AR,CD14_low_CD16_positive_monocyte
0,0.9130434782608695,0.9767441860465116,0.9438202247191011,0.9979814291481631,43,CR scArches,CD14_low_CD16_positive_monocyte
1,0.8571428571428571,1.0,0.923076923076923,0.9971740008074284,42,CR scArches,CD14_low_CD16_positive_monocyte
2,0.8723404255319149,0.9761904761904762,0.9213483146067415,0.9971740008074284,42,CR scArches,CD14_low_CD16_positive_monocyte
3,0.8695652173913043,0.9302325581395349,0.898876404494382,0.9963665724666936,43,CR scArches,CD14_low_CD16_positive_monocyte
4,0.875,0.9767441860465116,0.923076923076923,0.9971740008074284,43,CR scArches,CD14_low_CD16_positive_monocyte
5,0.875,0.9722222222222222,0.9210526315789473,0.9975777149777957,36,CR scArches,CD14_low_CD16_positive_monocyte
6,0.86,0.9148936170212766,0.8865979381443299,0.9955591441259588,47,CR scArches,CD14_low_CD16_positive_monocyte
7,0.9183673469387755,0.9574468085106383,0.9375000000000001,0.9975777149777957,47,CR scArches,CD14_low_CD16_positive_monocyte
8,0.8888888888888888,0.9523809523809523,0.9195402298850575,0.9971740008074284,42,CR scArches,CD14_low_CD16_positive_monocyte
9,0.8085106382978723,0.926829268292683,0.8636363636363636,0.9951554299555915,41,CR scArches,CD14_low_CD16_positive_monocyte
0,0.9111111111111111,0.9534883720930233,0.9318181818181819,0.9975777149777957,43,CR scVI,CD14_low_CD16_positive_monocyte
1,0.9111111111111111,0.9761904761904762,0.9425287356321839,0.9979814291481631,42,CR scVI,CD14_low_CD16_positive_monocyte
2,0.975609756097561,0.9523809523809523,0.963855421686747,0.9987888574888979,42,CR scVI,CD14_low_CD16_positive_monocyte
3,0.9555555555555556,1.0,0.9772727272727273,0.9991925716592652,43,CR scVI,CD14_low_CD16_positive_monocyte
4,0.9772727272727273,1.0,0.9885057471264368,0.9995962858296327,43,CR scVI,CD14_low_CD16_positive_monocyte
5,0.8974358974358975,0.9722222222222222,0.9333333333333333,0.9979814291481631,36,CR scVI,CD14_low_CD16_positive_monocyte
6,0.9361702127659575,0.9361702127659575,0.9361702127659575,0.9975777149777957,47,CR scVI,CD14_low_CD16_positive_monocyte
7,0.9387755102040817,0.9787234042553191,0.9583333333333333,0.9983851433185305,47,CR scVI,CD14_low_CD16_positive_monocyte
8,0.9534883720930233,0.9761904761904762,0.9647058823529412,0.9987888574888979,42,CR scVI,CD14_low_CD16_positive_monocyte
9,0.9302325581395349,0.975609756097561,0.9523809523809524,0.9983851433185305,41,CR scVI,CD14_low_CD16_positive_monocyte
0,0.8,0.05194805194805195,0.0975609756097561,0.9701251513928139,77,ACR,mucosal_invariant_T_cell
1,1.0,0.04597701149425287,0.08791208791208792,0.9664917238595074,87,ACR,mucosal_invariant_T_cell
2,0.7647058823529411,0.18840579710144928,0.3023255813953489,0.9757771497779572,69,ACR,mucosal_invariant_T_cell
3,0.6666666666666666,0.13333333333333333,0.2222222222222222,0.9773920064594267,60,ACR,mucosal_invariant_T_cell
4,0.7272727272727273,0.12121212121212122,0.2077922077922078,0.9753734356075898,66,ACR,mucosal_invariant_T_cell
5,0.7333333333333333,0.16666666666666666,0.2716049382716049,0.9761808639483246,66,ACR,mucosal_invariant_T_cell
6,0.5555555555555556,0.16393442622950818,0.25316455696202533,0.9761808639483246,61,ACR,mucosal_invariant_T_cell
7,0.5833333333333334,0.11290322580645161,0.18918918918918917,0.9757771497779572,62,ACR,mucosal_invariant_T_cell
8,1.0,0.024390243902439025,0.047619047619047616,0.9677028663706096,82,ACR,mucosal_invariant_T_cell
9,0.7,0.09722222222222222,0.17073170731707316,0.9725474364150182,72,ACR,mucosal_invariant_T_cell
0,0.8461538461538461,0.1774193548387097,0.29333333333333333,0.9786031489705289,62,AR,mucosal_invariant_T_cell
1,0.7777777777777778,0.09722222222222222,0.17283950617283952,0.9729511505853855,72,AR,mucosal_invariant_T_cell
2,0.6666666666666666,0.16129032258064516,0.2597402597402597,0.9769882922890594,62,AR,mucosal_invariant_T_cell
3,1.0,0.05263157894736842,0.1,0.9709325797335486,76,AR,mucosal_invariant_T_cell
4,0.6666666666666666,0.12121212121212122,0.20512820512820512,0.9749697214372225,66,AR,mucosal_invariant_T_cell
5,0.8888888888888888,0.13114754098360656,0.2285714285714286,0.9781994348001615,61,AR,mucosal_invariant_T_cell
6,0.5555555555555556,0.07692307692307693,0.13513513513513514,0.9741622930964877,65,AR,mucosal_invariant_T_cell
7,0.7272727272727273,0.11940298507462686,0.20512820512820515,0.9749697214372225,67,AR,mucosal_invariant_T_cell
8,0.5833333333333334,0.1044776119402985,0.17721518987341772,0.9737585789261203,67,AR,mucosal_invariant_T_cell
9,0.5454545454545454,0.08108108108108109,0.1411764705882353,0.9705288655631813,74,AR,mucosal_invariant_T_cell
0,0.8,0.12307692307692308,0.21333333333333335,0.9761808639483246,65,CR scArches,mucosal_invariant_T_cell
1,0.7333333333333333,0.15942028985507245,0.2619047619047619,0.9749697214372225,69,CR scArches,mucosal_invariant_T_cell
2,0.9166666666666666,0.171875,0.2894736842105263,0.9781994348001615,64,CR scArches,mucosal_invariant_T_cell
3,0.9230769230769231,0.18461538461538463,0.3076923076923077,0.9781994348001615,65,CR scArches,mucosal_invariant_T_cell
4,1.0,0.136986301369863,0.24096385542168672,0.974566007266855,73,CR scArches,mucosal_invariant_T_cell
5,0.8333333333333334,0.22727272727272727,0.35714285714285715,0.9781994348001615,66,CR scArches,mucosal_invariant_T_cell
6,0.9333333333333333,0.23728813559322035,0.37837837837837834,0.9814291481631006,59,CR scArches,mucosal_invariant_T_cell
7,0.6666666666666666,0.11940298507462686,0.20253164556962025,0.974566007266855,67,CR scArches,mucosal_invariant_T_cell
8,0.7894736842105263,0.234375,0.3614457831325301,0.9786031489705289,64,CR scArches,mucosal_invariant_T_cell
9,0.9230769230769231,0.1935483870967742,0.31999999999999995,0.9794105773112636,62,CR scArches,mucosal_invariant_T_cell
0,1.0,0.3230769230769231,0.48837209302325585,0.9822365765038353,65,CR scVI,mucosal_invariant_T_cell
1,0.8695652173913043,0.2898550724637681,0.4347826086956521,0.9790068631408962,69,CR scVI,mucosal_invariant_T_cell
2,0.88,0.34375,0.49438202247191015,0.9818328623334679,64,CR scVI,mucosal_invariant_T_cell
3,0.8695652173913043,0.3076923076923077,0.4545454545454545,0.9806217198223658,65,CR scVI,mucosal_invariant_T_cell
4,0.9166666666666666,0.3013698630136986,0.45360824742268036,0.9786031489705289,73,CR scVI,mucosal_invariant_T_cell
5,0.9047619047619048,0.2878787878787879,0.4367816091954023,0.9802180056519983,66,CR scVI,mucosal_invariant_T_cell
6,0.9523809523809523,0.3389830508474576,0.5,0.9838514331853048,59,CR scVI,mucosal_invariant_T_cell
7,0.7916666666666666,0.2835820895522388,0.41758241758241754,0.9786031489705289,67,CR scVI,mucosal_invariant_T_cell
8,1.0,0.421875,0.5934065934065934,0.985062575696407,64,CR scVI,mucosal_invariant_T_cell
9,0.875,0.3387096774193548,0.4883720930232558,0.9822365765038353,62,CR scVI,mucosal_invariant_T_cell
0,0.8913043478260869,1.0,0.9425287356321839,0.9979814291481631,41,ACR,conventional_dendritic_cell
1,0.9032258064516129,0.9655172413793104,0.9333333333333333,0.9983851433185305,29,ACR,conventional_dendritic_cell
2,0.926829268292683,0.9743589743589743,0.9500000000000001,0.9983851433185305,39,ACR,conventional_dendritic_cell
3,0.875,1.0,0.9333333333333333,0.9979814291481631,35,ACR,conventional_dendritic_cell
4,0.8333333333333334,0.8823529411764706,0.8571428571428571,0.9959628582963262,34,ACR,conventional_dendritic_cell
5,0.9411764705882353,0.9696969696969697,0.955223880597015,0.9987888574888979,33,ACR,conventional_dendritic_cell
6,0.7894736842105263,0.967741935483871,0.8695652173913043,0.9963665724666936,31,ACR,conventional_dendritic_cell
7,0.8292682926829268,0.9714285714285714,0.8947368421052632,0.9967702866370609,35,ACR,conventional_dendritic_cell
8,0.8205128205128205,0.9411764705882353,0.8767123287671232,0.9963665724666936,34,ACR,conventional_dendritic_cell
9,0.85,0.9444444444444444,0.8947368421052632,0.9967702866370609,36,ACR,conventional_dendritic_cell
0,0.926829268292683,0.95,0.9382716049382716,0.9979814291481631,40,AR,conventional_dendritic_cell
1,0.9285714285714286,0.9629629629629629,0.9454545454545454,0.9987888574888979,27,AR,conventional_dendritic_cell
2,0.9722222222222222,0.9210526315789473,0.9459459459459458,0.9983851433185305,38,AR,conventional_dendritic_cell
3,0.9714285714285714,0.9444444444444444,0.9577464788732395,0.9987888574888979,36,AR,conventional_dendritic_cell
4,0.9117647058823529,0.9117647058823529,0.9117647058823528,0.9975777149777957,34,AR,conventional_dendritic_cell
5,0.9142857142857143,0.9411764705882353,0.9275362318840579,0.9979814291481631,34,AR,conventional_dendritic_cell
6,0.9393939393939394,1.0,0.96875,0.9991925716592652,31,AR,conventional_dendritic_cell
7,0.8571428571428571,0.8571428571428571,0.8571428571428571,0.9959628582963262,35,AR,conventional_dendritic_cell
8,0.9166666666666666,0.9705882352941176,0.9428571428571428,0.9983851433185305,34,AR,conventional_dendritic_cell
9,0.9166666666666666,0.868421052631579,0.8918918918918918,0.9967702866370609,38,AR,conventional_dendritic_cell
0,0.85,0.9714285714285714,0.9066666666666667,0.9971740008074284,35,CR scArches,conventional_dendritic_cell
1,0.926829268292683,0.95,0.9382716049382716,0.9979814291481631,40,CR scArches,conventional_dendritic_cell
2,0.8043478260869565,0.9736842105263158,0.8809523809523809,0.9959628582963262,38,CR scArches,conventional_dendritic_cell
3,0.8484848484848485,0.9333333333333333,0.888888888888889,0.9971740008074284,30,CR scArches,conventional_dendritic_cell
4,0.7111111111111111,0.9411764705882353,0.8101265822784811,0.9939442874444893,34,CR scArches,conventional_dendritic_cell
5,0.9473684210526315,0.9230769230769231,0.935064935064935,0.9979814291481631,39,CR scArches,conventional_dendritic_cell
6,0.7450980392156863,0.926829268292683,0.8260869565217392,0.9935405732741219,41,CR scArches,conventional_dendritic_cell
7,0.9166666666666666,0.9705882352941176,0.9428571428571428,0.9983851433185305,34,CR scArches,conventional_dendritic_cell
8,0.8378378378378378,0.8857142857142857,0.8611111111111112,0.9959628582963262,35,CR scArches,conventional_dendritic_cell
9,0.925,0.9736842105263158,0.9487179487179489,0.9983851433185305,38,CR scArches,conventional_dendritic_cell
0,1.0,1.0,1.0,1.0,35,CR scVI,conventional_dendritic_cell
1,0.9444444444444444,0.85,0.8947368421052632,0.9967702866370609,40,CR scVI,conventional_dendritic_cell
2,1.0,0.8947368421052632,0.9444444444444444,0.9983851433185305,38,CR scVI,conventional_dendritic_cell
3,1.0,0.9333333333333333,0.9655172413793104,0.9991925716592652,30,CR scVI,conventional_dendritic_cell
4,0.8611111111111112,0.9117647058823529,0.8857142857142858,0.9967702866370609,34,CR scVI,conventional_dendritic_cell
5,0.9705882352941176,0.8461538461538461,0.9041095890410958,0.9971740008074284,39,CR scVI,conventional_dendritic_cell
6,0.972972972972973,0.8780487804878049,0.923076923076923,0.9975777149777957,41,CR scVI,conventional_dendritic_cell
7,1.0,1.0,1.0,1.0,34,CR scVI,conventional_dendritic_cell
8,1.0,0.8857142857142857,0.9393939393939393,0.9983851433185305,35,CR scVI,conventional_dendritic_cell
9,1.0,0.9473684210526315,0.972972972972973,0.9991925716592652,38,CR scVI,conventional_dendritic_cell
0,0.8939393939393939,0.44696969696969696,0.5959595959595959,0.9677028663706096,132,ACR,naive_thymus_derived_CD8_positive_alpha_beta_T_cell
1,0.9285714285714286,0.40625,0.5652173913043478,0.9677028663706096,128,ACR,naive_thymus_derived_CD8_positive_alpha_beta_T_cell
2,0.8679245283018868,0.38016528925619836,0.5287356321839081,0.9668954380298749,121,ACR,naive_thymus_derived_CD8_positive_alpha_beta_T_cell
3,0.8679245283018868,0.36507936507936506,0.5139664804469273,0.964876867178038,126,ACR,naive_thymus_derived_CD8_positive_alpha_beta_T_cell
4,0.8846153846153846,0.38016528925619836,0.5317919075144508,0.9672991522002422,121,ACR,naive_thymus_derived_CD8_positive_alpha_beta_T_cell
5,0.9615384615384616,0.32679738562091504,0.4878048780487804,0.9576100121114252,153,ACR,naive_thymus_derived_CD8_positive_alpha_beta_T_cell
6,0.9661016949152542,0.475,0.6368715083798883,0.9737585789261203,120,ACR,naive_thymus_derived_CD8_positive_alpha_beta_T_cell
7,0.8461538461538461,0.4198473282442748,0.5612244897959183,0.9652805813484053,131,ACR,naive_thymus_derived_CD8_positive_alpha_beta_T_cell
8,0.8955223880597015,0.46153846153846156,0.6091370558375635,0.9689140088817118,130,ACR,naive_thymus_derived_CD8_positive_alpha_beta_T_cell
9,0.9444444444444444,0.3984375,0.5604395604395604,0.9677028663706096,128,ACR,naive_thymus_derived_CD8_positive_alpha_beta_T_cell
0,0.9655172413793104,0.417910447761194,0.5833333333333333,0.9677028663706096,134,AR,naive_thymus_derived_CD8_positive_alpha_beta_T_cell
1,0.9107142857142857,0.4434782608695652,0.5964912280701754,0.9721437222446507,115,AR,naive_thymus_derived_CD8_positive_alpha_beta_T_cell
2,0.8524590163934426,0.45217391304347826,0.5909090909090909,0.9709325797335486,115,AR,naive_thymus_derived_CD8_positive_alpha_beta_T_cell
3,0.8181818181818182,0.36585365853658536,0.5056179775280899,0.9644731530076706,123,AR,naive_thymus_derived_CD8_positive_alpha_beta_T_cell
4,0.9322033898305084,0.39855072463768115,0.5583756345177665,0.964876867178038,138,AR,naive_thymus_derived_CD8_positive_alpha_beta_T_cell
5,0.9285714285714286,0.3851851851851852,0.5445026178010471,0.964876867178038,135,AR,naive_thymus_derived_CD8_positive_alpha_beta_T_cell
6,0.96,0.41379310344827586,0.5783132530120482,0.9717400080742834,116,AR,naive_thymus_derived_CD8_positive_alpha_beta_T_cell
7,0.8307692307692308,0.4122137404580153,0.5510204081632653,0.9644731530076706,131,AR,naive_thymus_derived_CD8_positive_alpha_beta_T_cell
8,0.890625,0.4672131147540984,0.6129032258064516,0.9709325797335486,122,AR,naive_thymus_derived_CD8_positive_alpha_beta_T_cell
9,0.9245283018867925,0.4224137931034483,0.5798816568047337,0.9713362939039161,116,AR,naive_thymus_derived_CD8_positive_alpha_beta_T_cell
0,0.84,0.15,0.2545454545454546,0.9503431570448123,140,CR scArches,naive_thymus_derived_CD8_positive_alpha_beta_T_cell
1,0.9047619047619048,0.16964285714285715,0.28571428571428575,0.9616471538150989,112,CR scArches,naive_thymus_derived_CD8_positive_alpha_beta_T_cell
2,0.7894736842105263,0.1171875,0.20408163265306123,0.9527654420670165,128,CR scArches,naive_thymus_derived_CD8_positive_alpha_beta_T_cell
3,0.9444444444444444,0.12781954887218044,0.22516556291390727,0.9527654420670165,133,CR scArches,naive_thymus_derived_CD8_positive_alpha_beta_T_cell
4,0.8260869565217391,0.14615384615384616,0.24836601307189543,0.9535728704077513,130,CR scArches,naive_thymus_derived_CD8_positive_alpha_beta_T_cell
5,0.8181818181818182,0.13846153846153847,0.2368421052631579,0.953169156237384,130,CR scArches,naive_thymus_derived_CD8_positive_alpha_beta_T_cell
6,0.8518518518518519,0.19491525423728814,0.31724137931034485,0.9600322971336294,118,CR scArches,naive_thymus_derived_CD8_positive_alpha_beta_T_cell
7,0.7619047619047619,0.12403100775193798,0.21333333333333335,0.9523617278966492,129,CR scArches,naive_thymus_derived_CD8_positive_alpha_beta_T_cell
8,0.9130434782608695,0.168,0.28378378378378377,0.9572062979410577,125,CR scArches,naive_thymus_derived_CD8_positive_alpha_beta_T_cell
9,0.8095238095238095,0.1259259259259259,0.21794871794871795,0.9507468712151796,135,CR scArches,naive_thymus_derived_CD8_positive_alpha_beta_T_cell
0,0.9310344827586207,0.5785714285714286,0.7136563876651983,0.9737585789261203,140,CR scVI,naive_thymus_derived_CD8_positive_alpha_beta_T_cell
1,0.9342105263157895,0.6339285714285714,0.7553191489361701,0.9814291481631006,112,CR scVI,naive_thymus_derived_CD8_positive_alpha_beta_T_cell
2,0.8947368421052632,0.53125,0.6666666666666666,0.9725474364150182,128,CR scVI,naive_thymus_derived_CD8_positive_alpha_beta_T_cell
3,0.9080459770114943,0.5939849624060151,0.7181818181818183,0.9749697214372225,133,CR scVI,naive_thymus_derived_CD8_positive_alpha_beta_T_cell
4,0.8941176470588236,0.5846153846153846,0.7069767441860465,0.974566007266855,130,CR scVI,naive_thymus_derived_CD8_positive_alpha_beta_T_cell
5,0.948051948051948,0.5615384615384615,0.7053140096618358,0.9753734356075898,130,CR scVI,naive_thymus_derived_CD8_positive_alpha_beta_T_cell
6,0.9113924050632911,0.6101694915254238,0.7309644670050761,0.9786031489705289,118,CR scVI,naive_thymus_derived_CD8_positive_alpha_beta_T_cell
7,0.9178082191780822,0.5193798449612403,0.6633663366336634,0.9725474364150182,129,CR scVI,naive_thymus_derived_CD8_positive_alpha_beta_T_cell
8,0.8974358974358975,0.56,0.6896551724137933,0.974566007266855,125,CR scVI,naive_thymus_derived_CD8_positive_alpha_beta_T_cell
9,0.92,0.6814814814814815,0.7829787234042553,0.9794105773112636,135,CR scVI,naive_thymus_derived_CD8_positive_alpha_beta_T_cell
0,0.8953771289537713,0.989247311827957,0.9399744572158365,0.9810254339927331,372,ACR,natural_killer_cell
1,0.8571428571428571,0.9715909090909091,0.9107856191744341,0.9729511505853855,352,ACR,natural_killer_cell
2,0.8593350383631714,0.9853372434017595,0.9180327868852459,0.9757771497779572,341,ACR,natural_killer_cell
3,0.875,0.98,0.9245283018867924,0.9773920064594267,350,ACR,natural_killer_cell
4,0.8888888888888888,0.9777777777777777,0.931216931216931,0.9790068631408962,360,ACR,natural_killer_cell
5,0.8535980148883374,0.9772727272727273,0.9112582781456954,0.9729511505853855,352,ACR,natural_killer_cell
6,0.8798076923076923,0.9812332439678284,0.9277566539923954,0.9769882922890594,373,ACR,natural_killer_cell
7,0.8433734939759037,0.9668508287292817,0.9009009009009009,0.9689140088817118,362,ACR,natural_killer_cell
8,0.8553921568627451,0.9775910364145658,0.9124183006535947,0.9729511505853855,357,ACR,natural_killer_cell
9,0.9007444168734491,0.9784366576819407,0.9379844961240309,0.9806217198223658,371,ACR,natural_killer_cell
0,0.8737373737373737,0.9885714285714285,0.9276139410187668,0.9781994348001615,350,AR,natural_killer_cell
1,0.8514851485148515,0.98005698005698,0.9112582781456954,0.9729511505853855,351,AR,natural_killer_cell
2,0.8586118251928021,0.9852507374631269,0.9175824175824175,0.9757771497779572,339,AR,natural_killer_cell
3,0.8789473684210526,0.9653179190751445,0.9201101928374655,0.9765845781186919,346,AR,natural_killer_cell
4,0.887468030690537,0.9719887955182073,0.927807486631016,0.9781994348001615,357,AR,natural_killer_cell
5,0.8516746411483254,0.9753424657534246,0.909323116219668,0.9713362939039161,365,AR,natural_killer_cell
6,0.8779220779220779,0.9740634005763689,0.9234972677595629,0.9773920064594267,347,AR,natural_killer_cell
7,0.85785536159601,0.9717514124293786,0.9112582781456954,0.9729511505853855,354,AR,natural_killer_cell
8,0.8610421836228288,0.9857954545454546,0.919205298013245,0.9753734356075898,352,AR,natural_killer_cell
9,0.8891752577319587,0.9745762711864406,0.9299191374663073,0.9790068631408962,354,AR,natural_killer_cell
0,0.9036458333333334,0.9532967032967034,0.9278074866310161,0.9781994348001615,364,CR scArches,natural_killer_cell
1,0.9222797927461139,0.9595687331536388,0.9405548216644649,0.9818328623334679,371,CR scArches,natural_killer_cell
2,0.938953488372093,0.9472140762463344,0.9430656934306569,0.9842551473556722,341,CR scArches,natural_killer_cell
3,0.9487179487179487,0.9560723514211886,0.9523809523809523,0.985062575696407,387,CR scArches,natural_killer_cell
4,0.9139784946236559,0.9418282548476454,0.9276944065484312,0.9786031489705289,361,CR scArches,natural_killer_cell
5,0.9088541666666666,0.9587912087912088,0.9331550802139037,0.979814291481631,364,CR scArches,natural_killer_cell
6,0.8984375,0.9636871508379888,0.9299191374663073,0.9790068631408962,358,CR scArches,natural_killer_cell
7,0.9578947368421052,0.9454545454545454,0.9516339869281045,0.985062575696407,385,CR scArches,natural_killer_cell
8,0.9196675900277008,0.9485714285714286,0.9338959212376935,0.9810254339927331,350,CR scArches,natural_killer_cell
9,0.9265536723163842,0.9452449567723343,0.9358059914407989,0.9818328623334679,347,CR scArches,natural_killer_cell
0,0.9363395225464191,0.9697802197802198,0.9527665317139002,0.9858700040371418,364,CR scVI,natural_killer_cell
1,0.9211195928753181,0.9757412398921833,0.9476439790575917,0.9838514331853048,371,CR scVI,natural_killer_cell
2,0.9299719887955182,0.9736070381231672,0.9512893982808024,0.9862737182075091,341,CR scVI,natural_killer_cell
3,0.9521410579345088,0.9767441860465116,0.9642857142857142,0.9886960032297134,387,CR scVI,natural_killer_cell
4,0.9285714285714286,0.9722991689750693,0.9499323410013533,0.985062575696407,361,CR scVI,natural_killer_cell
5,0.9095607235142119,0.967032967032967,0.9374167776298269,0.9810254339927331,364,CR scVI,natural_killer_cell
6,0.9023136246786633,0.9804469273743017,0.9397590361445785,0.9818328623334679,358,CR scVI,natural_killer_cell
7,0.9460154241645244,0.9558441558441558,0.9509043927648579,0.9846588615260395,385,CR scVI,natural_killer_cell
8,0.9285714285714286,0.9657142857142857,0.9467787114845939,0.9846588615260395,350,CR scVI,natural_killer_cell
9,0.943342776203966,0.9596541786743515,0.9514285714285713,0.9862737182075091,347,CR scVI,natural_killer_cell
0,0.7289377289377289,0.995,0.8414376321353064,0.9697214372224465,200,ACR,naive_B_cell
1,0.7959183673469388,0.9948979591836735,0.8843537414965987,0.9794105773112636,196,ACR,naive_B_cell
2,0.75,0.975,0.8478260869565216,0.9717400080742834,200,ACR,naive_B_cell
3,0.7022058823529411,0.9896373056994818,0.8215053763440859,0.9664917238595074,193,ACR,naive_B_cell
4,0.7096774193548387,0.9949748743718593,0.8284518828451883,0.9668954380298749,199,ACR,naive_B_cell
5,0.7258687258687259,0.9894736842105263,0.8374164810690423,0.9705288655631813,190,ACR,naive_B_cell
6,0.7490909090909091,1.0,0.8565488565488566,0.9721437222446507,206,ACR,naive_B_cell
7,0.7086614173228346,1.0,0.8294930875576036,0.9701251513928139,180,ACR,naive_B_cell
8,0.75,1.0,0.8571428571428571,0.9737585789261203,195,ACR,naive_B_cell
9,0.7311827956989247,0.9855072463768116,0.8395061728395061,0.9685102947113444,207,ACR,naive_B_cell
0,0.7068273092369478,0.9887640449438202,0.8243559718969555,0.9697214372224465,178,AR,naive_B_cell
1,0.767175572519084,0.995049504950495,0.8663793103448275,0.9749697214372225,202,AR,naive_B_cell
2,0.77431906614786,0.995,0.8708971553610503,0.9761808639483246,200,AR,naive_B_cell
3,0.7279411764705882,0.9801980198019802,0.8354430379746834,0.9685102947113444,202,AR,naive_B_cell
4,0.7538461538461538,1.0,0.8596491228070176,0.9741622930964877,196,AR,naive_B_cell
5,0.7463235294117647,0.9854368932038835,0.8493723849372384,0.9709325797335486,206,AR,naive_B_cell
6,0.8,0.9803921568627451,0.881057268722467,0.9781994348001615,204,AR,naive_B_cell
7,0.7586206896551724,1.0,0.8627450980392156,0.9773920064594267,176,AR,naive_B_cell
8,0.7659574468085106,1.0,0.8674698795180723,0.973354864755753,216,AR,naive_B_cell
9,0.7638376383763837,1.0,0.8661087866108786,0.9741622930964877,207,AR,naive_B_cell
0,0.7132867132867133,0.9532710280373832,0.8160000000000001,0.962858296326201,214,CR scArches,naive_B_cell
1,0.805668016194332,0.9660194174757282,0.8785871964679912,0.9777957206297941,206,CR scArches,naive_B_cell
2,0.7581227436823105,0.9859154929577465,0.8571428571428571,0.9717400080742834,213,CR scArches,naive_B_cell
3,0.7803921568627451,0.9754901960784313,0.8671023965141612,0.9753734356075898,204,CR scArches,naive_B_cell
4,0.7704280155642024,0.9611650485436893,0.8552915766738662,0.9729511505853855,206,CR scArches,naive_B_cell
5,0.7454545454545455,0.9808612440191388,0.847107438016529,0.9701251513928139,209,CR scArches,naive_B_cell
6,0.7421875,0.9693877551020408,0.8407079646017699,0.9709325797335486,196,CR scArches,naive_B_cell
7,0.728744939271255,0.989010989010989,0.8391608391608392,0.9721437222446507,182,CR scArches,naive_B_cell
8,0.8127340823970037,0.9774774774774775,0.8875255623721882,0.9777957206297941,222,CR scArches,naive_B_cell
9,0.7416666666666667,0.978021978021978,0.8436018957345971,0.973354864755753,182,CR scArches,naive_B_cell
0,0.9210526315789473,0.9813084112149533,0.9502262443438914,0.9911182882519176,214,CR scVI,naive_B_cell
1,0.957345971563981,0.9805825242718447,0.9688249400479617,0.994751715785224,206,CR scVI,naive_B_cell
2,0.9336283185840708,0.9906103286384976,0.9612756264236902,0.9931368591037545,213,CR scVI,naive_B_cell
3,0.9473684210526315,0.9705882352941176,0.9588377723970944,0.9931368591037545,204,CR scVI,naive_B_cell
4,0.9392523364485982,0.9757281553398058,0.9571428571428571,0.9927331449333872,206,CR scVI,naive_B_cell
5,0.9392523364485982,0.9617224880382775,0.950354609929078,0.991522002422285,209,CR scVI,naive_B_cell
6,0.9095238095238095,0.9744897959183674,0.9408866995073892,0.9903108599111828,196,CR scVI,naive_B_cell
7,0.9072164948453608,0.967032967032967,0.9361702127659575,0.9903108599111828,182,CR scVI,naive_B_cell
8,0.9399141630901288,0.9864864864864865,0.9626373626373625,0.9931368591037545,222,CR scVI,naive_B_cell
9,0.8969072164948454,0.9560439560439561,0.9255319148936171,0.9886960032297134,182,CR scVI,naive_B_cell
0,0.8549618320610687,0.8296296296296296,0.8421052631578948,0.98304400484457,135,ACR,memory_B_cell
1,0.8805970149253731,0.8251748251748252,0.851985559566787,0.9834477190149374,143,ACR,memory_B_cell
2,0.8145695364238411,0.8482758620689655,0.8310810810810811,0.979814291481631,145,ACR,memory_B_cell
3,0.8345323741007195,0.7945205479452054,0.8140350877192983,0.9786031489705289,146,ACR,memory_B_cell
4,0.8059701492537313,0.8571428571428571,0.8307692307692308,0.9822365765038353,126,ACR,memory_B_cell
5,0.8031496062992126,0.8095238095238095,0.8063241106719368,0.9802180056519983,126,ACR,memory_B_cell
6,0.8770491803278688,0.8106060606060606,0.84251968503937,0.9838514331853048,132,ACR,memory_B_cell
7,0.8070175438596491,0.8070175438596491,0.8070175438596491,0.9822365765038353,114,ACR,memory_B_cell
8,0.8257575757575758,0.8449612403100775,0.8352490421455938,0.9826402906742027,129,ACR,memory_B_cell
9,0.816793893129771,0.856,0.8359375000000001,0.98304400484457,125,ACR,memory_B_cell
0,0.808,0.7952755905511811,0.8015873015873016,0.979814291481631,127,AR,memory_B_cell
1,0.84375,0.8709677419354839,0.8571428571428571,0.9854662898667743,124,AR,memory_B_cell
2,0.8222222222222222,0.8409090909090909,0.8314606741573033,0.9818328623334679,132,AR,memory_B_cell
3,0.8439716312056738,0.8206896551724138,0.8321678321678322,0.9806217198223658,145,AR,memory_B_cell
4,0.8677685950413223,0.7954545454545454,0.8300395256916997,0.9826402906742027,132,AR,memory_B_cell
5,0.8296296296296296,0.8057553956834532,0.8175182481751824,0.979814291481631,139,AR,memory_B_cell
6,0.8206896551724138,0.8095238095238095,0.8150684931506851,0.9781994348001615,147,AR,memory_B_cell
7,0.8629032258064516,0.8045112781954887,0.8326848249027238,0.9826402906742027,133,AR,memory_B_cell
8,0.8467153284671532,0.8405797101449275,0.8436363636363635,0.9826402906742027,138,AR,memory_B_cell
9,0.8571428571428571,0.8450704225352113,0.851063829787234,0.98304400484457,142,AR,memory_B_cell
0,0.8780487804878049,0.5714285714285714,0.6923076923076923,0.9741622930964877,126,CR scArches,memory_B_cell
1,0.9027777777777778,0.5371900826446281,0.6735751295336787,0.974566007266855,121,CR scArches,memory_B_cell
2,0.8625,0.5227272727272727,0.6509433962264151,0.9701251513928139,132,CR scArches,memory_B_cell
3,0.8571428571428571,0.6190476190476191,0.7188940092165899,0.9753734356075898,126,CR scArches,memory_B_cell
4,0.8648648648648649,0.45714285714285713,0.5981308411214953,0.9652805813484053,140,CR scArches,memory_B_cell
5,0.8493150684931506,0.45588235294117646,0.5933014354066986,0.9656842955187727,136,CR scArches,memory_B_cell
6,0.8695652173913043,0.46153846153846156,0.6030150753768845,0.968106580540977,130,CR scArches,memory_B_cell
7,0.8461538461538461,0.5238095238095238,0.6470588235294118,0.9709325797335486,126,CR scArches,memory_B_cell
8,0.896551724137931,0.4,0.5531914893617023,0.9660880096891401,130,CR scArches,memory_B_cell
9,0.8607594936708861,0.5074626865671642,0.6384976525821596,0.9689140088817118,134,CR scArches,memory_B_cell
0,0.9193548387096774,0.9047619047619048,0.912,0.9911182882519176,126,CR scVI,memory_B_cell
1,0.9322033898305084,0.9090909090909091,0.9205020920502093,0.9923294307630198,121,CR scVI,memory_B_cell
2,0.952755905511811,0.9166666666666666,0.9343629343629343,0.9931368591037545,132,CR scVI,memory_B_cell
3,0.9426229508196722,0.9126984126984127,0.9274193548387096,0.9927331449333872,126,CR scVI,memory_B_cell
4,0.946969696969697,0.8928571428571429,0.9191176470588235,0.9911182882519176,140,CR scVI,memory_B_cell
5,0.917910447761194,0.9044117647058824,0.9111111111111111,0.9903108599111828,136,CR scVI,memory_B_cell
6,0.9375,0.8076923076923077,0.8677685950413223,0.9870811465482439,130,CR scVI,memory_B_cell
7,0.921875,0.9365079365079365,0.9291338582677166,0.9927331449333872,126,CR scVI,memory_B_cell
8,0.9274193548387096,0.8846153846153846,0.9055118110236221,0.9903108599111828,130,CR scVI,memory_B_cell
9,0.9230769230769231,0.8955223880597015,0.9090909090909091,0.9903108599111828,134,CR scVI,memory_B_cell
0,0.8308157099697885,0.927487352445194,0.8764940239043826,0.9374243035930561,593,ACR,central_memory_CD4_positive_alpha_beta_T_cell
1,0.8206349206349206,0.9199288256227758,0.8674496644295302,0.936213161081954,562,ACR,central_memory_CD4_positive_alpha_beta_T_cell
2,0.866464339908953,0.9150641025641025,0.8901013250194856,0.9430763019781995,624,ACR,central_memory_CD4_positive_alpha_beta_T_cell
3,0.843939393939394,0.931438127090301,0.8855325914149443,0.9418651594670973,598,ACR,central_memory_CD4_positive_alpha_beta_T_cell
4,0.835423197492163,0.9033898305084745,0.8680781758957655,0.9345983044004844,590,ACR,central_memory_CD4_positive_alpha_beta_T_cell
5,0.8284389489953632,0.92573402417962,0.8743882544861338,0.9378280177634235,579,ACR,central_memory_CD4_positive_alpha_beta_T_cell
6,0.8573596358118362,0.9157212317666127,0.8855799373040752,0.9410577311263625,617,ACR,central_memory_CD4_positive_alpha_beta_T_cell
7,0.8423423423423423,0.9226973684210527,0.8806907378335949,0.9386354461041583,608,ACR,central_memory_CD4_positive_alpha_beta_T_cell
8,0.8384146341463414,0.9306260575296108,0.8821170809943865,0.9406540169559952,591,ACR,central_memory_CD4_positive_alpha_beta_T_cell
9,0.8402457757296466,0.9239864864864865,0.8801287208366856,0.9398465886152604,592,ACR,central_memory_CD4_positive_alpha_beta_T_cell
0,0.8354037267080745,0.9087837837837838,0.8705501618122977,0.9354057327412192,592,AR,central_memory_CD4_positive_alpha_beta_T_cell
1,0.8510971786833855,0.9187817258883249,0.8836452400325469,0.9422688736374647,591,AR,central_memory_CD4_positive_alpha_beta_T_cell
2,0.8364779874213837,0.9252173913043479,0.8786127167630058,0.9406540169559952,575,AR,central_memory_CD4_positive_alpha_beta_T_cell
3,0.8567119155354449,0.9030206677265501,0.8792569659442724,0.9370205894226887,629,AR,central_memory_CD4_positive_alpha_beta_T_cell
4,0.8270676691729323,0.9166666666666666,0.8695652173913043,0.9333871618893823,600,AR,central_memory_CD4_positive_alpha_beta_T_cell
5,0.8233438485804416,0.9173989455184535,0.8678304239401496,0.9358094469115866,569,AR,central_memory_CD4_positive_alpha_beta_T_cell
6,0.8306962025316456,0.9259259259259259,0.8757297748123436,0.9398465886152604,567,AR,central_memory_CD4_positive_alpha_beta_T_cell
7,0.841715976331361,0.9162640901771336,0.8774094063222821,0.9358094469115866,621,AR,central_memory_CD4_positive_alpha_beta_T_cell
8,0.8319870759289176,0.911504424778761,0.8699324324324326,0.9378280177634235,565,AR,central_memory_CD4_positive_alpha_beta_T_cell
9,0.838006230529595,0.9291882556131261,0.8812448812448813,0.9414614452967299,579,AR,central_memory_CD4_positive_alpha_beta_T_cell
0,0.8177570093457944,0.860655737704918,0.8386581469648562,0.9184497375857893,610,CR scArches,central_memory_CD4_positive_alpha_beta_T_cell
1,0.8349358974358975,0.8485342019543974,0.8416801292407109,0.9208720226079935,614,CR scArches,central_memory_CD4_positive_alpha_beta_T_cell
2,0.833063209076175,0.8158730158730159,0.8243785084202085,0.9115865966895438,630,CR scArches,central_memory_CD4_positive_alpha_beta_T_cell
3,0.8427350427350427,0.8148760330578513,0.8285714285714286,0.9176423092450545,605,CR scArches,central_memory_CD4_positive_alpha_beta_T_cell
4,0.8268608414239482,0.8446280991735537,0.8356500408830744,0.9188534517561566,605,CR scArches,central_memory_CD4_positive_alpha_beta_T_cell
5,0.8309178743961353,0.8500823723228995,0.8403908794788274,0.9208720226079935,607,CR scArches,central_memory_CD4_positive_alpha_beta_T_cell
6,0.8197767145135566,0.8538205980066446,0.8364524003254679,0.9188534517561566,602,CR scArches,central_memory_CD4_positive_alpha_beta_T_cell
7,0.8347245409015025,0.8517887563884157,0.8431703204047217,0.9249091643116674,587,CR scArches,central_memory_CD4_positive_alpha_beta_T_cell
8,0.8451612903225807,0.8562091503267973,0.8506493506493505,0.9257165926524021,612,CR scArches,central_memory_CD4_positive_alpha_beta_T_cell
9,0.8123980424143556,0.8469387755102041,0.8293089092422982,0.9172385950746871,588,CR scArches,central_memory_CD4_positive_alpha_beta_T_cell
0,0.8941798941798942,0.8311475409836065,0.8615123194562447,0.9341945902301171,610,CR scVI,central_memory_CD4_positive_alpha_beta_T_cell
1,0.8952042628774423,0.8208469055374593,0.8564146134239592,0.9317723052079128,614,CR scVI,central_memory_CD4_positive_alpha_beta_T_cell
2,0.91005291005291,0.819047619047619,0.8621553884711779,0.9333871618893823,630,CR scVI,central_memory_CD4_positive_alpha_beta_T_cell
3,0.9121495327102803,0.8066115702479338,0.856140350877193,0.9337908760597498,605,CR scVI,central_memory_CD4_positive_alpha_beta_T_cell
4,0.8832752613240418,0.8380165289256198,0.8600508905852416,0.9333871618893823,605,CR scVI,central_memory_CD4_positive_alpha_beta_T_cell
5,0.8933566433566433,0.841845140032949,0.8668363019508057,0.9366168752523214,607,CR scVI,central_memory_CD4_positive_alpha_beta_T_cell
6,0.8848167539267016,0.8421926910299004,0.8629787234042553,0.9350020185708519,602,CR scVI,central_memory_CD4_positive_alpha_beta_T_cell
7,0.9084249084249084,0.8449744463373083,0.8755516328331862,0.9430763019781995,587,CR scVI,central_memory_CD4_positive_alpha_beta_T_cell
8,0.8994614003590664,0.8186274509803921,0.8571428571428571,0.9325797335486475,612,CR scVI,central_memory_CD4_positive_alpha_beta_T_cell
9,0.8777777777777778,0.8061224489795918,0.8404255319148936,0.9273314493338716,588,CR scVI,central_memory_CD4_positive_alpha_beta_T_cell
0,0.8304347826086956,0.799163179916318,0.814498933901919,0.964876867178038,239,ACR,naive_thymus_derived_CD4_positive_alpha_beta_T_cell
1,0.8349056603773585,0.7224489795918367,0.7746170678336981,0.9584174404521598,245,ACR,naive_thymus_derived_CD4_positive_alpha_beta_T_cell
2,0.8057851239669421,0.7768924302788844,0.7910750507099392,0.9584174404521598,251,ACR,naive_thymus_derived_CD4_positive_alpha_beta_T_cell
3,0.7842323651452282,0.756,0.7698574338085539,0.9543802987484861,250,ACR,naive_thymus_derived_CD4_positive_alpha_beta_T_cell
4,0.8369098712446352,0.724907063197026,0.7768924302788844,0.9547840129188534,269,ACR,naive_thymus_derived_CD4_positive_alpha_beta_T_cell
5,0.8130081300813008,0.7905138339920948,0.8016032064128257,0.9600322971336294,253,ACR,naive_thymus_derived_CD4_positive_alpha_beta_T_cell
6,0.79296875,0.7631578947368421,0.7777777777777779,0.953169156237384,266,ACR,naive_thymus_derived_CD4_positive_alpha_beta_T_cell
7,0.8073770491803278,0.8073770491803278,0.8073770491803277,0.9620508679854662,244,ACR,naive_thymus_derived_CD4_positive_alpha_beta_T_cell
8,0.8347107438016529,0.7769230769230769,0.8047808764940239,0.9604360113039968,260,ACR,naive_thymus_derived_CD4_positive_alpha_beta_T_cell
9,0.8235294117647058,0.8203125,0.821917808219178,0.9632620104965685,256,ACR,naive_thymus_derived_CD4_positive_alpha_beta_T_cell
0,0.8154506437768241,0.7883817427385892,0.8016877637130803,0.9620508679854662,241,AR,naive_thymus_derived_CD4_positive_alpha_beta_T_cell
1,0.8394495412844036,0.6984732824427481,0.7624999999999998,0.9539765845781187,262,AR,naive_thymus_derived_CD4_positive_alpha_beta_T_cell
2,0.8211382113821138,0.7890625,0.8047808764940239,0.9604360113039968,256,AR,naive_thymus_derived_CD4_positive_alpha_beta_T_cell
3,0.796,0.7803921568627451,0.788118811881188,0.9568025837706904,255,AR,naive_thymus_derived_CD4_positive_alpha_beta_T_cell
4,0.859375,0.7665505226480837,0.8103130755064458,0.9584174404521598,287,AR,naive_thymus_derived_CD4_positive_alpha_beta_T_cell
5,0.7946428571428571,0.7705627705627706,0.7824175824175824,0.9600322971336294,231,AR,naive_thymus_derived_CD4_positive_alpha_beta_T_cell
6,0.796078431372549,0.7689393939393939,0.7822736030828515,0.9543802987484861,264,AR,naive_thymus_derived_CD4_positive_alpha_beta_T_cell
7,0.8277310924369747,0.7665369649805448,0.7959595959595959,0.9592248687928946,257,AR,naive_thymus_derived_CD4_positive_alpha_beta_T_cell
8,0.8093385214007782,0.7908745247148289,0.8000000000000002,0.9580137262817925,263,AR,naive_thymus_derived_CD4_positive_alpha_beta_T_cell
9,0.8228346456692913,0.8196078431372549,0.8212180746561886,0.9632620104965685,255,AR,naive_thymus_derived_CD4_positive_alpha_beta_T_cell
0,0.7203065134099617,0.7094339622641509,0.714828897338403,0.939442874444893,265,CR scArches,naive_thymus_derived_CD4_positive_alpha_beta_T_cell
1,0.7163636363636363,0.76953125,0.7419962335216573,0.9446911586596689,256,CR scArches,naive_thymus_derived_CD4_positive_alpha_beta_T_cell
2,0.7330960854092526,0.7803030303030303,0.7559633027522935,0.9463060153411385,264,CR scArches,naive_thymus_derived_CD4_positive_alpha_beta_T_cell
3,0.7426470588235294,0.7829457364341085,0.7622641509433962,0.9491320145337101,258,CR scArches,naive_thymus_derived_CD4_positive_alpha_beta_T_cell
4,0.7665369649805448,0.7216117216117216,0.7433962264150944,0.9450948728300363,273,CR scArches,naive_thymus_derived_CD4_positive_alpha_beta_T_cell
5,0.7072243346007605,0.7717842323651453,0.7380952380952381,0.9467097295115059,241,CR scArches,naive_thymus_derived_CD4_positive_alpha_beta_T_cell
6,0.7338403041825095,0.7658730158730159,0.7495145631067961,0.947920872022608,252,CR scArches,naive_thymus_derived_CD4_positive_alpha_beta_T_cell
7,0.7786561264822134,0.7462121212121212,0.7620889748549324,0.9503431570448123,264,CR scArches,naive_thymus_derived_CD4_positive_alpha_beta_T_cell
8,0.7350746268656716,0.7111913357400722,0.7229357798165137,0.9390391602745256,277,CR scArches,naive_thymus_derived_CD4_positive_alpha_beta_T_cell
9,0.7286821705426356,0.7673469387755102,0.7475149105367793,0.9487283003633428,245,CR scArches,naive_thymus_derived_CD4_positive_alpha_beta_T_cell
0,0.7817460317460317,0.7433962264150943,0.7620889748549322,0.9503431570448123,265,CR scVI,naive_thymus_derived_CD4_positive_alpha_beta_T_cell
1,0.768,0.75,0.7588932806324111,0.9507468712151796,256,CR scVI,naive_thymus_derived_CD4_positive_alpha_beta_T_cell
2,0.7611940298507462,0.7727272727272727,0.7669172932330827,0.9499394428744449,264,CR scVI,naive_thymus_derived_CD4_positive_alpha_beta_T_cell
3,0.7606177606177607,0.7635658914728682,0.7620889748549322,0.9503431570448123,258,CR scVI,naive_thymus_derived_CD4_positive_alpha_beta_T_cell
4,0.8166666666666667,0.717948717948718,0.7641325536062379,0.9511505853855471,273,CR scVI,naive_thymus_derived_CD4_positive_alpha_beta_T_cell
5,0.7791164658634538,0.8049792531120332,0.7918367346938775,0.9588211546225273,241,CR scVI,naive_thymus_derived_CD4_positive_alpha_beta_T_cell
6,0.7894736842105263,0.7738095238095238,0.7815631262525049,0.9559951554299556,252,CR scVI,naive_thymus_derived_CD4_positive_alpha_beta_T_cell
7,0.8177966101694916,0.7310606060606061,0.7719999999999999,0.9539765845781187,264,CR scVI,naive_thymus_derived_CD4_positive_alpha_beta_T_cell
8,0.7601476014760148,0.7436823104693141,0.7518248175182483,0.9450948728300363,277,CR scVI,naive_thymus_derived_CD4_positive_alpha_beta_T_cell
9,0.7936507936507936,0.8163265306122449,0.8048289738430584,0.9608397254743641,245,CR scVI,naive_thymus_derived_CD4_positive_alpha_beta_T_cell
0,0.7779783393501805,0.9308855291576674,0.8475909537856441,0.9374243035930561,463,ACR,effector_memory_CD8_positive_alpha_beta_T_cell
1,0.7964601769911505,0.9164969450101833,0.8522727272727273,0.9370205894226887,491,ACR,effector_memory_CD8_positive_alpha_beta_T_cell
2,0.7985347985347986,0.9396551724137931,0.8633663366336635,0.9442874444893016,464,ACR,effector_memory_CD8_positive_alpha_beta_T_cell
3,0.7709090909090909,0.9277899343544858,0.8421052631578948,0.9358094469115866,457,ACR,effector_memory_CD8_positive_alpha_beta_T_cell
4,0.8007448789571695,0.9033613445378151,0.8489634748272458,0.9382317319337908,476,ACR,effector_memory_CD8_positive_alpha_beta_T_cell
5,0.7658802177858439,0.9356984478935698,0.842315369261477,0.936213161081954,451,ACR,effector_memory_CD8_positive_alpha_beta_T_cell
6,0.7688073394495413,0.9148471615720524,0.8354935194416749,0.9333871618893823,458,ACR,effector_memory_CD8_positive_alpha_beta_T_cell
7,0.8056603773584906,0.9242424242424242,0.8608870967741935,0.9442874444893016,462,ACR,effector_memory_CD8_positive_alpha_beta_T_cell
8,0.7571942446043165,0.9232456140350878,0.8320158102766798,0.9313685910375454,456,ACR,effector_memory_CD8_positive_alpha_beta_T_cell
9,0.75177304964539,0.925764192139738,0.8297455968688845,0.9297537343560759,458,ACR,effector_memory_CD8_positive_alpha_beta_T_cell
0,0.7791741472172352,0.9194915254237288,0.8435374149659864,0.9350020185708519,472,AR,effector_memory_CD8_positive_alpha_beta_T_cell
1,0.7893738140417458,0.906318082788671,0.8438133874239352,0.9378280177634235,459,AR,effector_memory_CD8_positive_alpha_beta_T_cell
2,0.8194945848375451,0.920892494929006,0.8672397325692455,0.9438837303189342,493,AR,effector_memory_CD8_positive_alpha_beta_T_cell
3,0.8061594202898551,0.9213250517598344,0.859903381642512,0.9414614452967299,483,AR,effector_memory_CD8_positive_alpha_beta_T_cell
4,0.8041044776119403,0.8979166666666667,0.8484251968503936,0.9378280177634235,480,AR,effector_memory_CD8_positive_alpha_beta_T_cell
5,0.7730496453900709,0.9376344086021505,0.8474246841593781,0.9366168752523214,465,AR,effector_memory_CD8_positive_alpha_beta_T_cell
6,0.8079847908745247,0.9120171673819742,0.8568548387096774,0.942672587807832,466,AR,effector_memory_CD8_positive_alpha_beta_T_cell
7,0.7781818181818182,0.936542669584245,0.8500496524329691,0.9390391602745256,457,AR,effector_memory_CD8_positive_alpha_beta_T_cell
8,0.7673992673992674,0.918859649122807,0.8363273453093814,0.9337908760597498,456,AR,effector_memory_CD8_positive_alpha_beta_T_cell
9,0.778584392014519,0.934640522875817,0.8495049504950495,0.9386354461041583,459,AR,effector_memory_CD8_positive_alpha_beta_T_cell
0,0.875,0.8822314049586777,0.8786008230452675,0.9523617278966492,484,CR scArches,effector_memory_CD8_positive_alpha_beta_T_cell
1,0.870020964360587,0.8663883089770354,0.8682008368200836,0.9491320145337101,479,CR scArches,effector_memory_CD8_positive_alpha_beta_T_cell
2,0.8653846153846154,0.8562367864693446,0.8607863974495218,0.9471134436818732,473,CR scArches,effector_memory_CD8_positive_alpha_beta_T_cell
3,0.8436830835117773,0.8583877995642701,0.8509719222462204,0.9442874444893016,459,CR scArches,effector_memory_CD8_positive_alpha_beta_T_cell
4,0.8731501057082452,0.8640167364016736,0.868559411146162,0.9495357287040775,478,CR scArches,effector_memory_CD8_positive_alpha_beta_T_cell
5,0.8782608695652174,0.8650963597430407,0.8716289104638618,0.9519580137262817,467,CR scArches,effector_memory_CD8_positive_alpha_beta_T_cell
6,0.8648648648648649,0.8813559322033898,0.8730325288562435,0.9511505853855471,472,CR scArches,effector_memory_CD8_positive_alpha_beta_T_cell
7,0.8953488372093024,0.787321063394683,0.8378672470076169,0.9398465886152604,489,CR scArches,effector_memory_CD8_positive_alpha_beta_T_cell
8,0.8653061224489796,0.8870292887029289,0.8760330578512396,0.9515542995559144,478,CR scArches,effector_memory_CD8_positive_alpha_beta_T_cell
9,0.8808988764044944,0.8711111111111111,0.8759776536312849,0.9551877270892208,450,CR scArches,effector_memory_CD8_positive_alpha_beta_T_cell
0,0.9352678571428571,0.8657024793388429,0.8991416309012875,0.9620508679854662,484,CR scVI,effector_memory_CD8_positive_alpha_beta_T_cell
1,0.9202733485193622,0.8434237995824635,0.8801742919389979,0.9555914412595882,479,CR scVI,effector_memory_CD8_positive_alpha_beta_T_cell
2,0.9268867924528302,0.8308668076109936,0.8762541806020068,0.9551877270892208,473,CR scVI,effector_memory_CD8_positive_alpha_beta_T_cell
3,0.9170616113744076,0.8431372549019608,0.8785471055618616,0.9568025837706904,459,CR scVI,effector_memory_CD8_positive_alpha_beta_T_cell
4,0.9250585480093677,0.8263598326359832,0.8729281767955801,0.9535728704077513,478,CR scVI,effector_memory_CD8_positive_alpha_beta_T_cell
5,0.9247058823529412,0.841541755888651,0.8811659192825113,0.9572062979410577,467,CR scVI,effector_memory_CD8_positive_alpha_beta_T_cell
6,0.9216589861751152,0.847457627118644,0.8830022075055188,0.9572062979410577,472,CR scVI,effector_memory_CD8_positive_alpha_beta_T_cell
7,0.9432098765432099,0.7811860940695297,0.854586129753915,0.9475171578522407,489,CR scVI,effector_memory_CD8_positive_alpha_beta_T_cell
8,0.918918918918919,0.8535564853556485,0.8850325379609545,0.9572062979410577,478,CR scVI,effector_memory_CD8_positive_alpha_beta_T_cell
9,0.9365482233502538,0.82,0.8744075829383886,0.9572062979410577,450,CR scVI,effector_memory_CD8_positive_alpha_beta_T_cell
0,1.0,0.7105263157894737,0.8307692307692308,0.9955591441259588,38,ACR,platelet
1,1.0,0.6896551724137931,0.8163265306122449,0.9963665724666936,29,ACR,platelet
2,1.0,0.6341463414634146,0.7761194029850745,0.9939442874444893,41,ACR,platelet
3,1.0,0.6956521739130435,0.8205128205128205,0.9943480016148567,46,ACR,platelet
4,1.0,0.7142857142857143,0.8333333333333333,0.9959628582963262,35,ACR,platelet
5,1.0,0.6666666666666666,0.8,0.994751715785224,39,ACR,platelet
6,1.0,0.7291666666666666,0.8433734939759037,0.994751715785224,48,ACR,platelet
7,1.0,0.6285714285714286,0.7719298245614035,0.994751715785224,35,ACR,platelet
8,1.0,0.6666666666666666,0.8,0.9951554299555915,36,ACR,platelet
9,1.0,0.7021276595744681,0.825,0.9943480016148567,47,ACR,platelet
0,1.0,0.6756756756756757,0.8064516129032258,0.9951554299555915,37,AR,platelet
1,1.0,0.6666666666666666,0.8,0.9951554299555915,36,AR,platelet
2,1.0,0.66,0.7951807228915663,0.9931368591037545,50,AR,platelet
3,1.0,0.6666666666666666,0.8,0.994751715785224,39,AR,platelet
4,1.0,0.625,0.7692307692307693,0.9939442874444893,40,AR,platelet
5,1.0,0.6122448979591837,0.759493670886076,0.9923294307630198,49,AR,platelet
6,1.0,0.6590909090909091,0.7945205479452054,0.9939442874444893,44,AR,platelet
7,1.0,0.6666666666666666,0.8,0.9943480016148567,42,AR,platelet
8,1.0,0.6904761904761905,0.8169014084507042,0.994751715785224,42,AR,platelet
9,1.0,0.7105263157894737,0.8307692307692308,0.9955591441259588,38,AR,platelet
0,1.0,0.7272727272727273,0.8421052631578948,0.9951554299555915,44,CR scArches,platelet
1,1.0,0.7352941176470589,0.8474576271186441,0.9963665724666936,34,CR scArches,platelet
2,0.9032258064516129,0.7777777777777778,0.835820895522388,0.9955591441259588,36,CR scArches,platelet
3,0.9615384615384616,0.6410256410256411,0.7692307692307693,0.9939442874444893,39,CR scArches,platelet
4,0.96,0.75,0.8421052631578947,0.9963665724666936,32,CR scArches,platelet
5,0.96,0.6486486486486487,0.7741935483870968,0.9943480016148567,37,CR scArches,platelet
6,1.0,0.5714285714285714,0.7272727272727273,0.9927331449333872,42,CR scArches,platelet
7,1.0,0.7441860465116279,0.8533333333333333,0.9955591441259588,43,CR scArches,platelet
8,1.0,0.6842105263157895,0.8125000000000001,0.9951554299555915,38,CR scArches,platelet
9,1.0,0.675,0.8059701492537313,0.994751715785224,40,CR scArches,platelet
0,0.972972972972973,0.8181818181818182,0.8888888888888891,0.9963665724666936,44,CR scVI,platelet
1,1.0,0.8823529411764706,0.9375,0.9983851433185305,34,CR scVI,platelet
2,0.9705882352941176,0.9166666666666666,0.9428571428571428,0.9983851433185305,36,CR scVI,platelet
3,0.9696969696969697,0.8205128205128205,0.8888888888888888,0.9967702866370609,39,CR scVI,platelet
4,0.9666666666666667,0.90625,0.9354838709677419,0.9983851433185305,32,CR scVI,platelet
5,1.0,0.7837837837837838,0.8787878787878788,0.9967702866370609,37,CR scVI,platelet
6,1.0,0.7380952380952381,0.8493150684931507,0.9955591441259588,42,CR scVI,platelet
7,1.0,0.8604651162790697,0.9249999999999999,0.9975777149777957,43,CR scVI,platelet
8,1.0,0.868421052631579,0.9295774647887324,0.9979814291481631,38,CR scVI,platelet
9,1.0,0.8,0.888888888888889,0.9967702866370609,40,CR scVI,platelet
0,0.9280575539568345,0.9923076923076923,0.9591078066914498,0.9955591441259588,130,ACR,classical_monocyte
1,0.9185185185185185,0.9841269841269841,0.950191570881226,0.994751715785224,126,ACR,classical_monocyte
2,0.9295774647887324,0.9777777777777777,0.9530685920577617,0.994751715785224,135,ACR,classical_monocyte
3,0.890625,1.0,0.9421487603305785,0.9943480016148567,114,ACR,classical_monocyte
4,0.920863309352518,0.9922480620155039,0.9552238805970149,0.9951554299555915,129,ACR,classical_monocyte
5,0.9375,1.0,0.967741935483871,0.9967702866370609,120,ACR,classical_monocyte
6,0.9782608695652174,0.9854014598540146,0.9818181818181817,0.9979814291481631,137,ACR,classical_monocyte
7,0.9253731343283582,0.992,0.9575289575289575,0.9955591441259588,125,ACR,classical_monocyte
8,0.9280575539568345,0.9923076923076923,0.9591078066914498,0.9955591441259588,130,ACR,classical_monocyte
9,0.9142857142857143,1.0,0.955223880597015,0.9951554299555915,128,ACR,classical_monocyte
0,0.9370629370629371,0.9852941176470589,0.960573476702509,0.9955591441259588,136,AR,classical_monocyte
1,0.948905109489051,0.9774436090225563,0.9629629629629628,0.9959628582963262,133,AR,classical_monocyte
2,0.9527027027027027,0.9791666666666666,0.9657534246575342,0.9959628582963262,144,AR,classical_monocyte
3,0.9347826086956522,1.0,0.9662921348314606,0.9963665724666936,129,AR,classical_monocyte
4,0.9411764705882353,1.0,0.9696969696969697,0.9967702866370609,128,AR,classical_monocyte
5,0.9541984732824428,0.9920634920634921,0.9727626459143969,0.9971740008074284,126,AR,classical_monocyte
6,0.9712230215827338,0.9782608695652174,0.9747292418772563,0.9971740008074284,138,AR,classical_monocyte
7,0.96,0.975609756097561,0.9677419354838709,0.9967702866370609,123,AR,classical_monocyte
8,0.9398496240601504,0.9689922480620154,0.9541984732824427,0.9951554299555915,129,AR,classical_monocyte
9,0.9219858156028369,0.9848484848484849,0.9523809523809523,0.994751715785224,132,AR,classical_monocyte
0,0.9496402877697842,0.9850746268656716,0.9670329670329669,0.9963665724666936,134,CR scArches,classical_monocyte
1,0.9516129032258065,0.9915966386554622,0.9711934156378601,0.9971740008074284,119,CR scArches,classical_monocyte
2,0.9694656488549618,0.9844961240310077,0.9769230769230769,0.9975777149777957,129,CR scArches,classical_monocyte
3,0.9384615384615385,1.0,0.9682539682539683,0.9967702866370609,122,CR scArches,classical_monocyte
4,0.9591836734693877,0.9929577464788732,0.9757785467128027,0.9971740008074284,142,CR scArches,classical_monocyte
5,0.9481481481481482,0.9922480620155039,0.9696969696969696,0.9967702866370609,129,CR scArches,classical_monocyte
6,0.9316239316239316,0.990909090909091,0.960352422907489,0.9963665724666936,110,CR scArches,classical_monocyte
7,0.9696969696969697,0.9922480620155039,0.9808429118773947,0.9979814291481631,129,CR scArches,classical_monocyte
8,0.953125,0.9838709677419355,0.9682539682539683,0.9967702866370609,124,CR scArches,classical_monocyte
9,0.9235668789808917,0.9931506849315068,0.9570957095709571,0.994751715785224,146,CR scArches,classical_monocyte
0,0.9626865671641791,0.9626865671641791,0.9626865671641791,0.9959628582963262,134,CR scVI,classical_monocyte
1,0.9590163934426229,0.9831932773109243,0.9709543568464729,0.9971740008074284,119,CR scVI,classical_monocyte
2,0.9765625,0.9689922480620154,0.9727626459143969,0.9971740008074284,129,CR scVI,classical_monocyte
3,0.968,0.9918032786885246,0.9797570850202428,0.9979814291481631,122,CR scVI,classical_monocyte
4,0.958904109589041,0.9859154929577465,0.9722222222222222,0.9967702866370609,142,CR scVI,classical_monocyte
5,0.9922480620155039,0.9922480620155039,0.9922480620155039,0.9991925716592652,129,CR scVI,classical_monocyte
6,0.9727272727272728,0.9727272727272728,0.9727272727272728,0.9975777149777957,110,CR scVI,classical_monocyte
7,0.984251968503937,0.9689922480620154,0.9765625,0.9975777149777957,129,CR scVI,classical_monocyte
8,0.9603174603174603,0.9758064516129032,0.9680000000000001,0.9967702866370609,124,CR scVI,classical_monocyte
9,0.9668874172185431,1.0,0.9831649831649832,0.9979814291481631,146,CR scVI,classical_monocyte
